[
  {
    "id": "U02JFCNHKHB",
    "team_id": "T355R0RT3",
    "name": "aris",
    "deleted": false,
    "real_name": "Aris Lancrescent",
    "profile": {
      "real_name": "Aris Lancrescent",
      "display_name": "Aris",
      "avatar_hash": "238c335916ca",
      "real_name_normalized": "Aris Lancrescent",
      "display_name_normalized": "Aris",
      "image_24": "https://avatars.slack-edge.com/2025-12-07/10083765225585_238c335916caeed7dba8_24.jpg",
      "image_32": "https://avatars.slack-edge.com/2025-12-07/10083765225585_238c335916caeed7dba8_32.jpg",
      "image_48": "https://avatars.slack-edge.com/2025-12-07/10083765225585_238c335916caeed7dba8_48.jpg",
      "image_72": "https://avatars.slack-edge.com/2025-12-07/10083765225585_238c335916caeed7dba8_72.jpg",
      "image_192": "https://avatars.slack-edge.com/2025-12-07/10083765225585_238c335916caeed7dba8_192.jpg",
      "image_512": "https://avatars.slack-edge.com/2025-12-07/10083765225585_238c335916caeed7dba8_512.jpg",
      "image_1024": "https://avatars.slack-edge.com/2025-12-07/10083765225585_238c335916caeed7dba8_1024.jpg",
      "image_original": "https://avatars.slack-edge.com/2025-12-07/10083765225585_238c335916caeed7dba8_original.jpg",
      "is_custom_image": true,
      "first_name": "Aris",
      "last_name": "Lancrescent",
      "team": "T355R0RT3",
      "email": "aris@devpixel.com",
      "title": "",
      "phone": "",
      "skype": "",
      "fields": {},
      "status_text": "",
      "status_text_canonical": "",
      "status_emoji": "",
      "status_emoji_display_info": [],
      "status_expiration": 0,
      "huddle_state": "default_unset",
      "huddle_state_expiration_ts": 0
    },
    "is_bot": false,
    "is_admin": true,
    "updated": 1768129777
  },
  {
    "id": "UM3V8V1NK",
    "team_id": "T355R0RT3",
    "name": "himabindu",
    "deleted": false,
    "real_name": "Bindu Guduru",
    "profile": {
      "real_name": "Bindu Guduru",
      "display_name": "Bindu Guduru",
      "avatar_hash": "1e45391b7f7a",
      "real_name_normalized": "Bindu Guduru",
      "display_name_normalized": "Bindu Guduru",
      "image_24": "https://avatars.slack-edge.com/2021-06-01/2116082181142_1e45391b7f7a202c4458_24.jpg",
      "image_32": "https://avatars.slack-edge.com/2021-06-01/2116082181142_1e45391b7f7a202c4458_32.jpg",
      "image_48": "https://avatars.slack-edge.com/2021-06-01/2116082181142_1e45391b7f7a202c4458_48.jpg",
      "image_72": "https://avatars.slack-edge.com/2021-06-01/2116082181142_1e45391b7f7a202c4458_72.jpg",
      "image_192": "https://avatars.slack-edge.com/2021-06-01/2116082181142_1e45391b7f7a202c4458_192.jpg",
      "image_512": "https://avatars.slack-edge.com/2021-06-01/2116082181142_1e45391b7f7a202c4458_512.jpg",
      "image_1024": "https://avatars.slack-edge.com/2021-06-01/2116082181142_1e45391b7f7a202c4458_1024.jpg",
      "image_original": "https://avatars.slack-edge.com/2021-06-01/2116082181142_1e45391b7f7a202c4458_original.jpg",
      "is_custom_image": true,
      "first_name": "Bindu",
      "last_name": "Guduru",
      "team": "T355R0RT3",
      "email": "bindu@devpixel.com",
      "title": "Director of Operations",
      "phone": "9000800106",
      "skype": "",
      "fields": {
        "Xf0402NHB2M6": {
          "value": "Director of Operations",
          "alt": ""
        },
        "Xf03KM0ZFFSQ": {
          "value": "9000800106",
          "alt": ""
        }
      },
      "status_text": "",
      "status_text_canonical": "",
      "status_emoji": "",
      "status_emoji_display_info": [],
      "status_expiration": 0,
      "huddle_state": "default_unset",
      "huddle_state_expiration_ts": 0
    },
    "is_bot": false,
    "is_admin": true,
    "updated": 1769529965
  },
  {
    "id": "U08Q13RK6P4",
    "team_id": "T355R0RT3",
    "name": "soheb.mohammad",
    "deleted": false,
    "real_name": "Soheb Mohammad",
    "profile": {
      "real_name": "Soheb Mohammad",
      "display_name": "Soheb Mohammad",
      "avatar_hash": "9570153eac6b",
      "real_name_normalized": "Soheb Mohammad",
      "display_name_normalized": "Soheb Mohammad",
      "image_24": "https://avatars.slack-edge.com/2025-04-28/8805971555030_9570153eac6be21d1ebd_24.png",
      "image_32": "https://avatars.slack-edge.com/2025-04-28/8805971555030_9570153eac6be21d1ebd_32.png",
      "image_48": "https://avatars.slack-edge.com/2025-04-28/8805971555030_9570153eac6be21d1ebd_48.png",
      "image_72": "https://avatars.slack-edge.com/2025-04-28/8805971555030_9570153eac6be21d1ebd_72.png",
      "image_192": "https://avatars.slack-edge.com/2025-04-28/8805971555030_9570153eac6be21d1ebd_192.png",
      "image_512": "https://avatars.slack-edge.com/2025-04-28/8805971555030_9570153eac6be21d1ebd_512.png",
      "image_1024": "https://avatars.slack-edge.com/2025-04-28/8805971555030_9570153eac6be21d1ebd_1024.png",
      "image_original": "https://avatars.slack-edge.com/2025-04-28/8805971555030_9570153eac6be21d1ebd_original.png",
      "is_custom_image": true,
      "first_name": "Soheb",
      "last_name": "Mohammad",
      "team": "T355R0RT3",
      "email": "soheb.mohammad@devpixel.com",
      "title": "",
      "phone": "",
      "skype": "",
      "fields": {},
      "status_text": "",
      "status_text_canonical": "",
      "status_emoji": "",
      "status_emoji_display_info": [],
      "status_expiration": 0,
      "huddle_state": "default_unset",
      "huddle_state_expiration_ts": 0
    },
    "is_bot": false,
    "is_admin": false,
    "updated": 1763820618
  },
  {
    "id": "U35PLGF3M",
    "team_id": "T355R0RT3",
    "name": "abhi",
    "deleted": false,
    "real_name": "abhishek reddy",
    "profile": {
      "real_name": "abhishek reddy",
      "display_name": "abhi",
      "avatar_hash": "9c75c851c3f6",
      "real_name_normalized": "abhishek reddy",
      "display_name_normalized": "abhi",
      "image_24": "https://avatars.slack-edge.com/2016-12-05/112636576261_9c75c851c3f68710d1f7_24.jpg",
      "image_32": "https://avatars.slack-edge.com/2016-12-05/112636576261_9c75c851c3f68710d1f7_32.jpg",
      "image_48": "https://avatars.slack-edge.com/2016-12-05/112636576261_9c75c851c3f68710d1f7_48.jpg",
      "image_72": "https://avatars.slack-edge.com/2016-12-05/112636576261_9c75c851c3f68710d1f7_72.jpg",
      "image_192": "https://avatars.slack-edge.com/2016-12-05/112636576261_9c75c851c3f68710d1f7_192.jpg",
      "image_512": "https://avatars.slack-edge.com/2016-12-05/112636576261_9c75c851c3f68710d1f7_192.jpg",
      "image_1024": "https://avatars.slack-edge.com/2016-12-05/112636576261_9c75c851c3f68710d1f7_192.jpg",
      "image_original": "https://avatars.slack-edge.com/2016-12-05/112636576261_9c75c851c3f68710d1f7_original.jpg",
      "is_custom_image": true,
      "first_name": "abhishek",
      "last_name": "reddy",
      "team": "T355R0RT3",
      "email": "abhi@devpixel.com",
      "title": "",
      "phone": "9866081410",
      "skype": "",
      "fields": {
        "Xf03KM0ZFFSQ": {
          "value": "9866081410",
          "alt": ""
        }
      },
      "status_text": "",
      "status_text_canonical": "",
      "status_emoji": "",
      "status_emoji_display_info": [],
      "status_expiration": 0
    },
    "is_bot": false,
    "is_admin": true,
    "updated": 1737978803
  },
  {
    "id": "U06EHNXKZ1D",
    "team_id": "T355R0RT3",
    "name": "naresh.daravath",
    "deleted": false,
    "real_name": "Naresh Daravath",
    "profile": {
      "real_name": "Naresh Daravath",
      "display_name": "Naresh Daravath",
      "avatar_hash": "4be00642eed3",
      "real_name_normalized": "Naresh Daravath",
      "display_name_normalized": "Naresh Daravath",
      "image_24": "https://avatars.slack-edge.com/2024-06-03/7210175431173_4be00642eed3e56b9ede_24.jpg",
      "image_32": "https://avatars.slack-edge.com/2024-06-03/7210175431173_4be00642eed3e56b9ede_32.jpg",
      "image_48": "https://avatars.slack-edge.com/2024-06-03/7210175431173_4be00642eed3e56b9ede_48.jpg",
      "image_72": "https://avatars.slack-edge.com/2024-06-03/7210175431173_4be00642eed3e56b9ede_72.jpg",
      "image_192": "https://avatars.slack-edge.com/2024-06-03/7210175431173_4be00642eed3e56b9ede_192.jpg",
      "image_512": "https://avatars.slack-edge.com/2024-06-03/7210175431173_4be00642eed3e56b9ede_512.jpg",
      "image_1024": "https://avatars.slack-edge.com/2024-06-03/7210175431173_4be00642eed3e56b9ede_1024.jpg",
      "image_original": "https://avatars.slack-edge.com/2024-06-03/7210175431173_4be00642eed3e56b9ede_original.jpg",
      "is_custom_image": true,
      "first_name": "Naresh",
      "last_name": "Daravath",
      "team": "T355R0RT3",
      "email": "naresh.daravath@devpixel.com",
      "title": "",
      "phone": "",
      "skype": "",
      "fields": {},
      "status_text": "",
      "status_text_canonical": "",
      "status_emoji": "",
      "status_emoji_display_info": [],
      "status_expiration": 0,
      "huddle_state": "default_unset",
      "huddle_state_expiration_ts": 0
    },
    "is_bot": false,
    "is_admin": false,
    "updated": 1764314774
  },
  {
    "id": "U094ZF0AUCT",
    "team_id": "T355R0RT3",
    "name": "sharvil.kotian",
    "deleted": false,
    "real_name": "Sharvil Kotian",
    "profile": {
      "real_name": "Sharvil Kotian",
      "display_name": "Sharvil Kotian",
      "avatar_hash": "5c7b33227a3f",
      "real_name_normalized": "Sharvil Kotian",
      "display_name_normalized": "Sharvil Kotian",
      "image_24": "https://avatars.slack-edge.com/2025-09-10/9478823364951_5c7b33227a3f82e57ce5_24.png",
      "image_32": "https://avatars.slack-edge.com/2025-09-10/9478823364951_5c7b33227a3f82e57ce5_32.png",
      "image_48": "https://avatars.slack-edge.com/2025-09-10/9478823364951_5c7b33227a3f82e57ce5_48.png",
      "image_72": "https://avatars.slack-edge.com/2025-09-10/9478823364951_5c7b33227a3f82e57ce5_72.png",
      "image_192": "https://avatars.slack-edge.com/2025-09-10/9478823364951_5c7b33227a3f82e57ce5_192.png",
      "image_512": "https://avatars.slack-edge.com/2025-09-10/9478823364951_5c7b33227a3f82e57ce5_512.png",
      "image_1024": "https://avatars.slack-edge.com/2025-09-10/9478823364951_5c7b33227a3f82e57ce5_1024.png",
      "image_original": "https://avatars.slack-edge.com/2025-09-10/9478823364951_5c7b33227a3f82e57ce5_original.png",
      "is_custom_image": true,
      "first_name": "Sharvil",
      "last_name": "Kotian",
      "team": "T355R0RT3",
      "email": "sharvil.kotian@devpixel.com",
      "title": "UX Designer",
      "phone": "",
      "skype": "",
      "fields": {
        "Xf0402NHB2M6": {
          "value": "UX Designer",
          "alt": ""
        }
      },
      "status_text": "",
      "status_text_canonical": "",
      "status_emoji": "",
      "status_emoji_display_info": [],
      "status_expiration": 0,
      "huddle_state": "default_unset",
      "huddle_state_expiration_ts": 0
    },
    "is_bot": false,
    "is_admin": false,
    "updated": 1770123406
  },
  {
    "id": "U37KPJ30D",
    "team_id": "T355R0RT3",
    "name": "srinivas.rao",
    "deleted": false,
    "real_name": "Srini Chinta",
    "profile": {
      "real_name": "Srini Chinta",
      "display_name": "Srini Chinta",
      "avatar_hash": "561456c1628a",
      "real_name_normalized": "Srini Chinta",
      "display_name_normalized": "Srini Chinta",
      "image_24": "https://avatars.slack-edge.com/2026-02-06/10458213799842_561456c1628a35094df5_24.jpg",
      "image_32": "https://avatars.slack-edge.com/2026-02-06/10458213799842_561456c1628a35094df5_32.jpg",
      "image_48": "https://avatars.slack-edge.com/2026-02-06/10458213799842_561456c1628a35094df5_48.jpg",
      "image_72": "https://avatars.slack-edge.com/2026-02-06/10458213799842_561456c1628a35094df5_72.jpg",
      "image_192": "https://avatars.slack-edge.com/2026-02-06/10458213799842_561456c1628a35094df5_192.jpg",
      "image_512": "https://avatars.slack-edge.com/2026-02-06/10458213799842_561456c1628a35094df5_512.jpg",
      "image_1024": "https://avatars.slack-edge.com/2026-02-06/10458213799842_561456c1628a35094df5_1024.jpg",
      "image_original": "https://avatars.slack-edge.com/2026-02-06/10458213799842_561456c1628a35094df5_original.jpg",
      "is_custom_image": true,
      "first_name": "Srini",
      "last_name": "Chinta",
      "team": "T355R0RT3",
      "email": "srini@devpixel.com",
      "title": "Director of Technology",
      "phone": "7331129130",
      "skype": "",
      "fields": {
        "Xf0402NHB2M6": {
          "value": "Director of Technology",
          "alt": ""
        },
        "Xf03KM0ZFFSQ": {
          "value": "7331129130",
          "alt": ""
        }
      },
      "status_text": "",
      "status_text_canonical": "",
      "status_emoji": "",
      "status_emoji_display_info": [],
      "status_expiration": 0,
      "huddle_state": "default_unset",
      "huddle_state_expiration_ts": 0
    },
    "is_bot": false,
    "is_admin": false,
    "updated": 1770389063
  },
  {
    "id": "U08SA26H4LT",
    "team_id": "T355R0RT3",
    "name": "yashmit.mykala",
    "deleted": false,
    "real_name": "Yashmit Mykala",
    "profile": {
      "real_name": "Yashmit Mykala",
      "display_name": "Yashmit Mykala",
      "avatar_hash": "0f044bc5cbd5",
      "real_name_normalized": "Yashmit Mykala",
      "display_name_normalized": "Yashmit Mykala",
      "image_24": "https://avatars.slack-edge.com/2025-05-15/8905844369380_0f044bc5cbd59d349a50_24.png",
      "image_32": "https://avatars.slack-edge.com/2025-05-15/8905844369380_0f044bc5cbd59d349a50_32.png",
      "image_48": "https://avatars.slack-edge.com/2025-05-15/8905844369380_0f044bc5cbd59d349a50_48.png",
      "image_72": "https://avatars.slack-edge.com/2025-05-15/8905844369380_0f044bc5cbd59d349a50_72.png",
      "image_192": "https://avatars.slack-edge.com/2025-05-15/8905844369380_0f044bc5cbd59d349a50_192.png",
      "image_512": "https://avatars.slack-edge.com/2025-05-15/8905844369380_0f044bc5cbd59d349a50_512.png",
      "image_1024": "https://avatars.slack-edge.com/2025-05-15/8905844369380_0f044bc5cbd59d349a50_1024.png",
      "image_original": "https://avatars.slack-edge.com/2025-05-15/8905844369380_0f044bc5cbd59d349a50_original.png",
      "is_custom_image": true,
      "first_name": "Yashmit",
      "last_name": "Mykala",
      "team": "T355R0RT3",
      "email": "yashmit.mykala@devpixel.com",
      "title": "",
      "phone": "",
      "skype": "",
      "fields": {},
      "status_text": "",
      "status_text_canonical": "",
      "status_emoji": "",
      "status_emoji_display_info": [],
      "status_expiration": 0,
      "huddle_state": "default_unset",
      "huddle_state_expiration_ts": 0
    },
    "is_bot": false,
    "is_admin": false,
    "updated": 1768309008
  },
  {
    "id": "U0A0LLMHPKP",
    "team_id": "T355R0RT3",
    "name": "surya.bedadala",
    "deleted": false,
    "real_name": "Surya",
    "profile": {
      "real_name": "Surya",
      "display_name": "Surya",
      "avatar_hash": "e0c5174b10c2",
      "real_name_normalized": "Surya",
      "display_name_normalized": "Surya",
      "image_24": "https://avatars.slack-edge.com/2025-12-01/10028109397876_e0c5174b10c28c506561_24.jpg",
      "image_32": "https://avatars.slack-edge.com/2025-12-01/10028109397876_e0c5174b10c28c506561_32.jpg",
      "image_48": "https://avatars.slack-edge.com/2025-12-01/10028109397876_e0c5174b10c28c506561_48.jpg",
      "image_72": "https://avatars.slack-edge.com/2025-12-01/10028109397876_e0c5174b10c28c506561_72.jpg",
      "image_192": "https://avatars.slack-edge.com/2025-12-01/10028109397876_e0c5174b10c28c506561_192.jpg",
      "image_512": "https://avatars.slack-edge.com/2025-12-01/10028109397876_e0c5174b10c28c506561_512.jpg",
      "image_1024": "https://avatars.slack-edge.com/2025-12-01/10028109397876_e0c5174b10c28c506561_1024.jpg",
      "image_original": "https://avatars.slack-edge.com/2025-12-01/10028109397876_e0c5174b10c28c506561_original.jpg",
      "is_custom_image": true,
      "first_name": "Surya",
      "last_name": "",
      "team": "T355R0RT3",
      "email": "surya.bedadala@devpixel.com",
      "title": "",
      "phone": "",
      "skype": "",
      "fields": {},
      "status_text": "",
      "status_text_canonical": "",
      "status_emoji": "",
      "status_emoji_display_info": [],
      "status_expiration": 0,
      "huddle_state": "default_unset",
      "huddle_state_expiration_ts": 0
    },
    "is_bot": false,
    "is_admin": false,
    "updated": 1765956012
  }
]