[
  {
    "user": "U02JFCNHKHB",
    "type": "message",
    "ts": "1757503709.451069",
    "client_msg_id": "df427a4f-855d-4ee7-8489-6e18df560482",
    "text": "No replacement",
    "team": "T355R0RT3",
    "blocks": [
      {
        "type": "rich_text",
        "block_id": "xvly/",
        "elements": [
          {
            "type": "rich_text_section",
            "elements": [
              {
                "type": "text",
                "text": "No replacement"
              }
            ]
          }
        ]
      }
    ],
    "reactions": [
      {
        "name": "+1",
        "users": [
          "UM3V8V1NK"
        ],
        "count": 1
      }
    ]
  },
  {
    "user": "U02JFCNHKHB",
    "type": "message",
    "ts": "1757504259.039689",
    "client_msg_id": "4f558abc-57be-4711-9b84-02a51c6b1949",
    "text": "But, we will be doing a full rebuild. Most of what we did was just reinventing the wheel because ISTE didn't want to change their ways. We are going to reshape it to use as much as D2L as possible.",
    "team": "T355R0RT3",
    "blocks": [
      {
        "type": "rich_text",
        "block_id": "gvq24",
        "elements": [
          {
            "type": "rich_text_section",
            "elements": [
              {
                "type": "text",
                "text": "But, we will be doing a full rebuild. Most of what we did was just reinventing the wheel because ISTE didn't want to change their ways. We are going to reshape it to use as much as D2L as possible."
              }
            ]
          }
        ]
      }
    ]
  }
]