[
  {
    "text": "<@U02JFCNHKHB> Please find the document that covers the key aspects of the D2L implementation.",
    "files": [
      {
        "id": "F09AKKEKBA7",
        "created": 1755453290,
        "timestamp": 1755453290,
        "name": "Salesforce - D2L - A high level summary.pdf",
        "title": "Salesforce - D2L - A high level summary.pdf",
        "mimetype": "application/pdf",
        "filetype": "pdf",
        "pretty_type": "PDF",
        "user": "UM3V8V1NK",
        "user_team": "T355R0RT3",
        "editable": false,
        "size": 90129,
        "mode": "hosted",
        "is_external": false,
        "external_type": "",
        "is_public": false,
        "public_url_shared": false,
        "display_as_bot": false,
        "username": "",
        "url_private": "https://files.slack.com/files-pri/T355R0RT3-F09AKKEKBA7/salesforce_-_d2l_-_a_high_level_summary.pdf",
        "url_private_download": "https://files.slack.com/files-pri/T355R0RT3-F09AKKEKBA7/download/salesforce_-_d2l_-_a_high_level_summary.pdf",
        "media_display_type": "unknown",
        "thumb_pdf": "https://files.slack.com/files-tmb/T355R0RT3-F09AKKEKBA7-62007c5ea8/salesforce_-_d2l_-_a_high_level_summary_thumb_pdf.png",
        "thumb_pdf_w": 1210,
        "thumb_pdf_h": 935,
        "permalink": "https://devpixeled.slack.com/files/UM3V8V1NK/F09AKKEKBA7/salesforce_-_d2l_-_a_high_level_summary.pdf",
        "permalink_public": "https://slack-files.com/T355R0RT3-F09AKKEKBA7-ba3ec60924",
        "is_starred": false,
        "skipped_shares": true,
        "has_rich_preview": false,
        "file_access": "visible"
      }
    ],
    "upload": false,
    "user": "UM3V8V1NK",
    "display_as_bot": false,
    "blocks": [
      {
        "type": "rich_text",
        "block_id": "93qHh",
        "elements": [
          {
            "type": "rich_text_section",
            "elements": [
              {
                "type": "user",
                "user_id": "U02JFCNHKHB"
              },
              {
                "type": "text",
                "text": " Please find the document that covers the key aspects of the D2L implementation."
              }
            ]
          }
        ]
      }
    ],
    "type": "message",
    "ts": "1755453301.651499",
    "client_msg_id": "6246b832-4e15-4e54-a2e4-41c5d20f6654"
  },
  {
    "user": "UM3V8V1NK",
    "type": "message",
    "ts": "1755453401.136479",
    "client_msg_id": "30953375-5a42-4a3a-ab3c-991609d3e591",
    "text": "`TL;DR`\n*Salesforce - D2L Brightspace : Functional Overview*\n\n*Functional Pieces in Salesforce*\n• System of record for *students, courses, and enrollments*\n• *EDA data model* (Contacts, Courses, Offerings, Connections)\n• *Contacts* = Users in D2L\n• *Course Connections* = Enrollments\n• *Program Plans &amp; Sequences* = Auto progression\n• *Custom objects* for exceptions &amp; detailed grading\n*Functional Pieces in D2L Brightspace*\n• System of delivery for *learning &amp; teaching*\n• *Course Offerings* = live course runs per term\n• *Enrollments &amp; Roles* = students, instructors, TAs\n• *Dropbox* = submissions &amp; grading\n• *Grades* = central gradebook + rubrics\n• *Awards* = certificates/badges\n• *Special Access* = exceptions for learners\n*Integration Touchpoints*\n• *Salesforce —&gt; D2L*\n    ◦ Provision Users\n    ◦ Sync Course Offerings\n    ◦ Enroll learners (Course Connections)\n    ◦ Push Special Access\n• *D2L —&gt; Salesforce*\n    ◦ Course completions\n    ◦ Grades &amp; rubrics\n    ◦ Awards / certificates\n    ◦ Enrollment/classlist reconciliation\n*User Journeys*\n1. *Enrollment* – Contact created in Salesforce → provisioned in D2L → enrolled in correct course.\n2. *During Course* – Learner engages in D2L; exceptions pushed from Salesforce.\n3. *Completion* – D2L sends completions, awards, grades → Salesforce updates records.\n4. *Progression* – Salesforce auto-enrolls learner into next course in sequence.\n",
    "team": "T355R0RT3",
    "blocks": [
      {
        "type": "rich_text",
        "block_id": "QS/o+",
        "elements": [
          {
            "type": "rich_text_section",
            "elements": [
              {
                "type": "text",
                "text": "TL;DR",
                "style": {
                  "code": true
                }
              },
              {
                "type": "text",
                "text": "\n"
              },
              {
                "type": "text",
                "text": "Salesforce - D2L Brightspace : Functional Overview",
                "style": {
                  "bold": true
                }
              },
              {
                "type": "text",
                "text": "\n\n"
              },
              {
                "type": "text",
                "text": "Functional Pieces in Salesforce",
                "style": {
                  "bold": true
                }
              },
              {
                "type": "text",
                "text": "\n"
              }
            ]
          },
          {
            "type": "rich_text_list",
            "elements": [
              {
                "type": "rich_text_section",
                "elements": [
                  {
                    "type": "text",
                    "text": "System of record for "
                  },
                  {
                    "type": "text",
                    "text": "students, courses, and enrollments",
                    "style": {
                      "bold": true
                    }
                  }
                ]
              },
              {
                "type": "rich_text_section",
                "elements": [
                  {
                    "type": "text",
                    "text": "EDA data model",
                    "style": {
                      "bold": true
                    }
                  },
                  {
                    "type": "text",
                    "text": " (Contacts, Courses, Offerings, Connections)"
                  }
                ]
              },
              {
                "type": "rich_text_section",
                "elements": [
                  {
                    "type": "text",
                    "text": "Contacts",
                    "style": {
                      "bold": true
                    }
                  },
                  {
                    "type": "text",
                    "text": " = Users in D2L"
                  }
                ]
              },
              {
                "type": "rich_text_section",
                "elements": [
                  {
                    "type": "text",
                    "text": "Course Connections",
                    "style": {
                      "bold": true
                    }
                  },
                  {
                    "type": "text",
                    "text": " = Enrollments"
                  }
                ]
              },
              {
                "type": "rich_text_section",
                "elements": [
                  {
                    "type": "text",
                    "text": "Program Plans & Sequences",
                    "style": {
                      "bold": true
                    }
                  },
                  {
                    "type": "text",
                    "text": " = Auto progression"
                  }
                ]
              },
              {
                "type": "rich_text_section",
                "elements": [
                  {
                    "type": "text",
                    "text": "Custom objects",
                    "style": {
                      "bold": true
                    }
                  },
                  {
                    "type": "text",
                    "text": " for exceptions & detailed grading"
                  }
                ]
              }
            ],
            "style": "bullet",
            "indent": 0,
            "border": 0
          },
          {
            "type": "rich_text_section",
            "elements": [
              {
                "type": "text",
                "text": "\n"
              },
              {
                "type": "text",
                "text": "Functional Pieces in D2L Brightspace",
                "style": {
                  "bold": true
                }
              },
              {
                "type": "text",
                "text": "\n"
              }
            ]
          },
          {
            "type": "rich_text_list",
            "elements": [
              {
                "type": "rich_text_section",
                "elements": [
                  {
                    "type": "text",
                    "text": "System of delivery for "
                  },
                  {
                    "type": "text",
                    "text": "learning & teaching",
                    "style": {
                      "bold": true
                    }
                  }
                ]
              },
              {
                "type": "rich_text_section",
                "elements": [
                  {
                    "type": "text",
                    "text": "Course Offerings",
                    "style": {
                      "bold": true
                    }
                  },
                  {
                    "type": "text",
                    "text": " = live course runs per term"
                  }
                ]
              },
              {
                "type": "rich_text_section",
                "elements": [
                  {
                    "type": "text",
                    "text": "Enrollments & Roles",
                    "style": {
                      "bold": true
                    }
                  },
                  {
                    "type": "text",
                    "text": " = students, instructors, TAs"
                  }
                ]
              },
              {
                "type": "rich_text_section",
                "elements": [
                  {
                    "type": "text",
                    "text": "Dropbox",
                    "style": {
                      "bold": true
                    }
                  },
                  {
                    "type": "text",
                    "text": " = submissions & grading"
                  }
                ]
              },
              {
                "type": "rich_text_section",
                "elements": [
                  {
                    "type": "text",
                    "text": "Grades",
                    "style": {
                      "bold": true
                    }
                  },
                  {
                    "type": "text",
                    "text": " = central gradebook + rubrics"
                  }
                ]
              },
              {
                "type": "rich_text_section",
                "elements": [
                  {
                    "type": "text",
                    "text": "Awards",
                    "style": {
                      "bold": true
                    }
                  },
                  {
                    "type": "text",
                    "text": " = certificates/badges"
                  }
                ]
              },
              {
                "type": "rich_text_section",
                "elements": [
                  {
                    "type": "text",
                    "text": "Special Access",
                    "style": {
                      "bold": true
                    }
                  },
                  {
                    "type": "text",
                    "text": " = exceptions for learners"
                  }
                ]
              }
            ],
            "style": "bullet",
            "indent": 0,
            "border": 0
          },
          {
            "type": "rich_text_section",
            "elements": [
              {
                "type": "text",
                "text": "\n"
              },
              {
                "type": "text",
                "text": "Integration Touchpoints",
                "style": {
                  "bold": true
                }
              },
              {
                "type": "text",
                "text": "\n"
              }
            ]
          },
          {
            "type": "rich_text_list",
            "elements": [
              {
                "type": "rich_text_section",
                "elements": [
                  {
                    "type": "text",
                    "text": "Salesforce —> D2L",
                    "style": {
                      "bold": true
                    }
                  }
                ]
              }
            ],
            "style": "bullet",
            "indent": 0,
            "border": 0
          },
          {
            "type": "rich_text_list",
            "elements": [
              {
                "type": "rich_text_section",
                "elements": [
                  {
                    "type": "text",
                    "text": "Provision Users"
                  }
                ]
              },
              {
                "type": "rich_text_section",
                "elements": [
                  {
                    "type": "text",
                    "text": "Sync Course Offerings"
                  }
                ]
              },
              {
                "type": "rich_text_section",
                "elements": [
                  {
                    "type": "text",
                    "text": "Enroll learners (Course Connections)"
                  }
                ]
              },
              {
                "type": "rich_text_section",
                "elements": [
                  {
                    "type": "text",
                    "text": "Push Special Access"
                  }
                ]
              }
            ],
            "style": "bullet",
            "indent": 1,
            "border": 0
          },
          {
            "type": "rich_text_list",
            "elements": [
              {
                "type": "rich_text_section",
                "elements": [
                  {
                    "type": "text",
                    "text": "D2L —> Salesforce",
                    "style": {
                      "bold": true
                    }
                  }
                ]
              }
            ],
            "style": "bullet",
            "indent": 0,
            "border": 0
          },
          {
            "type": "rich_text_list",
            "elements": [
              {
                "type": "rich_text_section",
                "elements": [
                  {
                    "type": "text",
                    "text": "Course completions"
                  }
                ]
              },
              {
                "type": "rich_text_section",
                "elements": [
                  {
                    "type": "text",
                    "text": "Grades & rubrics"
                  }
                ]
              },
              {
                "type": "rich_text_section",
                "elements": [
                  {
                    "type": "text",
                    "text": "Awards / certificates"
                  }
                ]
              },
              {
                "type": "rich_text_section",
                "elements": [
                  {
                    "type": "text",
                    "text": "Enrollment/classlist reconciliation"
                  }
                ]
              }
            ],
            "style": "bullet",
            "indent": 1,
            "border": 0
          },
          {
            "type": "rich_text_section",
            "elements": [
              {
                "type": "text",
                "text": "\n"
              },
              {
                "type": "text",
                "text": "User Journeys",
                "style": {
                  "bold": true
                }
              },
              {
                "type": "text",
                "text": "\n"
              }
            ]
          },
          {
            "type": "rich_text_list",
            "elements": [
              {
                "type": "rich_text_section",
                "elements": [
                  {
                    "type": "text",
                    "text": "Enrollment",
                    "style": {
                      "bold": true
                    }
                  },
                  {
                    "type": "text",
                    "text": " – Contact created in Salesforce → provisioned in D2L → enrolled in correct course."
                  }
                ]
              },
              {
                "type": "rich_text_section",
                "elements": [
                  {
                    "type": "text",
                    "text": "During Course",
                    "style": {
                      "bold": true
                    }
                  },
                  {
                    "type": "text",
                    "text": " – Learner engages in D2L; exceptions pushed from Salesforce."
                  }
                ]
              },
              {
                "type": "rich_text_section",
                "elements": [
                  {
                    "type": "text",
                    "text": "Completion",
                    "style": {
                      "bold": true
                    }
                  },
                  {
                    "type": "text",
                    "text": " – D2L sends completions, awards, grades → Salesforce updates records."
                  }
                ]
              },
              {
                "type": "rich_text_section",
                "elements": [
                  {
                    "type": "text",
                    "text": "Progression",
                    "style": {
                      "bold": true
                    }
                  },
                  {
                    "type": "text",
                    "text": " – Salesforce auto-enrolls learner into next course in sequence."
                  }
                ]
              }
            ],
            "style": "ordered",
            "indent": 0,
            "border": 0
          },
          {
            "type": "rich_text_section",
            "elements": []
          }
        ]
      }
    ]
  },
  {
    "user": "U02JFCNHKHB",
    "type": "message",
    "ts": "1755458582.589139",
    "client_msg_id": "79053dec-1456-44e3-a0c9-59fbcad62316",
    "text": "Awesome. The TL;DR is perfect :+1:",
    "team": "T355R0RT3",
    "blocks": [
      {
        "type": "rich_text",
        "block_id": "fH44v",
        "elements": [
          {
            "type": "rich_text_section",
            "elements": [
              {
                "type": "text",
                "text": "Awesome. The TL;DR is perfect "
              },
              {
                "type": "emoji",
                "name": "+1",
                "unicode": "1f44d"
              }
            ]
          }
        ]
      }
    ],
    "reactions": [
      {
        "name": "+1",
        "users": [
          "UM3V8V1NK"
        ],
        "count": 1
      }
    ]
  }
]