[
  {
    "user": "UM3V8V1NK",
    "type": "message",
    "ts": "1770276898.232679",
    "client_msg_id": "90c892ee-b1a5-4dc6-b56d-b5a0d8488e02",
    "text": "The '<https://docs.google.com/document/d/1_4sipL3lkdpIVK3oSoAfOp_IAjOd_d8a0q3mm2Syd7c/edit?tab=t.0|Internal - d2l_followup_questions_ben>' is pretty elaborate. As mentioned, please go through this also for background and clarity <@U08SA26H4LT> <@U08FS8VDFSR> <@U0A0LLMHPKP>. Feel free to raise any questions you might have for additional conversations.",
    "team": "T355R0RT3",
    "blocks": [
      {
        "type": "rich_text",
        "block_id": "QwI0F",
        "elements": [
          {
            "type": "rich_text_section",
            "elements": [
              {
                "type": "text",
                "text": "The '"
              },
              {
                "type": "link",
                "url": "https://docs.google.com/document/d/1_4sipL3lkdpIVK3oSoAfOp_IAjOd_d8a0q3mm2Syd7c/edit?tab=t.0",
                "text": "Internal - d2l_followup_questions_ben"
              },
              {
                "type": "text",
                "text": "' is pretty elaborate. As mentioned, please go through this also for background and clarity "
              },
              {
                "type": "user",
                "user_id": "U08SA26H4LT"
              },
              {
                "type": "text",
                "text": " "
              },
              {
                "type": "user",
                "user_id": "U08FS8VDFSR"
              },
              {
                "type": "text",
                "text": " "
              },
              {
                "type": "user",
                "user_id": "U0A0LLMHPKP"
              },
              {
                "type": "text",
                "text": ". Feel free to raise any questions you might have for additional conversations."
              }
            ]
          }
        ]
      }
    ],
    "reactions": [
      {
        "name": "+1",
        "users": [
          "U08FS8VDFSR",
          "U0A0LLMHPKP",
          "U08SA26H4LT"
        ],
        "count": 3
      }
    ]
  }
]