[
  {
    "user": "UM3V8V1NK",
    "type": "message",
    "ts": "1770105640.995179",
    "client_msg_id": "b16a217c-72a9-46fb-8276-35b1be4ac938",
    "text": "@team This is a living document and will be kept up to date.\n<https://docs.google.com/document/d/1ZiKD5tndLiZqM8LiTUZuhIgqj-OpuIAK/edit#heading=h.fyz4s7f3xnna|Learning Academy Business Requirements for DevPixel>",
    "team": "T355R0RT3",
    "blocks": [
      {
        "type": "rich_text",
        "block_id": "JAgno",
        "elements": [
          {
            "type": "rich_text_section",
            "elements": [
              {
                "type": "text",
                "text": "@team This is a living document and will be kept up to date.\n"
              },
              {
                "type": "link",
                "url": "https://docs.google.com/document/d/1ZiKD5tndLiZqM8LiTUZuhIgqj-OpuIAK/edit#heading=h.fyz4s7f3xnna",
                "text": "Learning Academy Business Requirements for DevPixel"
              }
            ]
          }
        ]
      }
    ],
    "pinned_to": [
      "C09BCA59P4G"
    ],
    "pinned_info": {
      "channel": "C09BCA59P4G",
      "pinned_by": "UM3V8V1NK",
      "pinned_ts": 1770105653
    },
    "reactions": [
      {
        "name": "+1",
        "users": [
          "U08FS8VDFSR"
        ],
        "count": 1
      }
    ]
  },
  {
    "user": "U02JFCNHKHB",
    "type": "message",
    "ts": "1770136576.983879",
    "client_msg_id": "d104f671-96e7-4d21-ac58-b430b76ad8a6",
    "text": "Where are we with this?",
    "team": "T355R0RT3",
    "blocks": [
      {
        "type": "rich_text",
        "block_id": "ST64F",
        "elements": [
          {
            "type": "rich_text_section",
            "elements": [
              {
                "type": "text",
                "text": "Where are we with this?"
              }
            ]
          }
        ]
      }
    ]
  },
  {
    "user": "UM3V8V1NK",
    "type": "message",
    "ts": "1770136929.392609",
    "client_msg_id": "79d8324a-7e65-4be9-8cba-53f070a2860d",
    "text": "<@U02JFCNHKHB> Day 4: Mapped capability patterns and common integration approaches - deliverables have been included into this folder: <https://drive.google.com/drive/folders/1bFBTkEWNESe-84OIPPddUIlwqagzVBbg|D2L 2026>\n\nThe ISTE business requirements will be reviewed on priority tomorrow now that the consolidation of D2L capabilities and the limitations is complete.",
    "team": "T355R0RT3",
    "blocks": [
      {
        "type": "rich_text",
        "block_id": "B01xw",
        "elements": [
          {
            "type": "rich_text_section",
            "elements": [
              {
                "type": "user",
                "user_id": "U02JFCNHKHB"
              },
              {
                "type": "text",
                "text": " Day 4: Mapped capability patterns and common integration approaches - deliverables have been included into this folder: "
              },
              {
                "type": "link",
                "url": "https://drive.google.com/drive/folders/1bFBTkEWNESe-84OIPPddUIlwqagzVBbg",
                "text": "D2L 2026"
              },
              {
                "type": "text",
                "text": "\n\nThe ISTE business requirements will be reviewed on priority tomorrow now that the consolidation of D2L capabilities and the limitations is complete."
              }
            ]
          }
        ]
      }
    ],
    "reactions": [
      {
        "name": "+1",
        "users": [
          "U02JFCNHKHB"
        ],
        "count": 1
      }
    ]
  },
  {
    "user": "U02JFCNHKHB",
    "type": "message",
    "ts": "1770137604.928959",
    "client_msg_id": "47702cf2-7a83-41be-b8f0-cf22d4541bb1",
    "text": "For tomorrow, focus on listing out all the integration options: \n\n1. What must be passed between D2L and SF\n2. What could be passed from D2L to SF, but not absolutely necessary \n3. What cannot be passed between the two, or can be passed but not recommended\nThis will give us a good picture on how to divide the LA responsibilities between D2L and SF. \n\nDo this in the morning, so we can review and selectively dive deeper later in the day. We need to decide if we want to attend the meeting with D2L by the end of tomorrow, so I can inform Brian in his early afternoon.",
    "team": "T355R0RT3",
    "blocks": [
      {
        "type": "rich_text",
        "block_id": "ZJSuc",
        "elements": [
          {
            "type": "rich_text_section",
            "elements": [
              {
                "type": "text",
                "text": "For tomorrow, focus on listing out all the integration options: \n\n"
              }
            ]
          },
          {
            "type": "rich_text_list",
            "elements": [
              {
                "type": "rich_text_section",
                "elements": [
                  {
                    "type": "text",
                    "text": "What must be passed between D2L and SF"
                  }
                ]
              },
              {
                "type": "rich_text_section",
                "elements": [
                  {
                    "type": "text",
                    "text": "What could be passed from D2L to SF, but not absolutely necessary "
                  }
                ]
              },
              {
                "type": "rich_text_section",
                "elements": [
                  {
                    "type": "text",
                    "text": "What cannot be passed between the two, or can be passed but not recommended"
                  }
                ]
              }
            ],
            "style": "ordered",
            "indent": 0,
            "offset": 0,
            "border": 0
          },
          {
            "type": "rich_text_section",
            "elements": [
              {
                "type": "text",
                "text": "\nThis will give us a good picture on how to divide the LA responsibilities between D2L and SF. \n\nDo this in the morning, so we can review and selectively dive deeper later in the day. We need to decide if we want to attend the meeting with D2L by the end of tomorrow, so I can inform Brian in his early afternoon."
              }
            ]
          }
        ]
      }
    ]
  },
  {
    "user": "U02JFCNHKHB",
    "type": "message",
    "ts": "1770137711.070069",
    "client_msg_id": "27daec46-07b6-44fb-889e-e60380e96e18",
    "text": "<@U37KPJ30D> please work directly on this with them. We need to be very accurate.",
    "team": "T355R0RT3",
    "blocks": [
      {
        "type": "rich_text",
        "block_id": "Lo7DX",
        "elements": [
          {
            "type": "rich_text_section",
            "elements": [
              {
                "type": "user",
                "user_id": "U37KPJ30D"
              },
              {
                "type": "text",
                "text": " please work directly on this with them. We need to be very accurate."
              }
            ]
          }
        ]
      }
    ],
    "reactions": [
      {
        "name": "+1",
        "users": [
          "U37KPJ30D",
          "UM3V8V1NK"
        ],
        "count": 2
      }
    ]
  }
]