[
  {
    "subtype": "channel_join",
    "user": "U35PLGF3M",
    "text": "<@U35PLGF3M> has joined the channel",
    "inviter": "UM3V8V1NK",
    "type": "message",
    "ts": "1770032150.494599"
  },
  {
    "user": "UM3V8V1NK",
    "type": "message",
    "ts": "1770032388.809579",
    "client_msg_id": "15011b2d-d451-4ad2-8f5a-7ae73dee7db3",
    "text": "<https://docs.valence.desire2learn.com/reference.html>",
    "team": "T355R0RT3",
    "blocks": [
      {
        "type": "rich_text",
        "block_id": "yKeZh",
        "elements": [
          {
            "type": "rich_text_section",
            "elements": [
              {
                "type": "link",
                "url": "https://docs.valence.desire2learn.com/reference.html"
              }
            ]
          }
        ]
      }
    ]
  },
  {
    "subtype": "channel_name",
    "user": "UM3V8V1NK",
    "old_name": "d2l-replacement",
    "name": "d2l-learning-academy",
    "text": "has renamed the channel from \"d2l-replacement\" to \"d2l-learning-academy\"",
    "type": "message",
    "ts": "1770054520.082039"
  },
  {
    "text": "This is a working document and will continue to evolve as discussions progress.\nPlease find the attached draft document prepared by the business outlining the requirements.",
    "files": [
      {
        "id": "F0ACL6N9C3E",
        "created": 1770054647,
        "timestamp": 1770054647,
        "name": "Learning Academy Business Requirements for DevPixel.docx",
        "title": "Learning Academy Business Requirements for DevPixel.docx",
        "mimetype": "application/vnd.openxmlformats-officedocument.wordprocessingml.document",
        "filetype": "docx",
        "pretty_type": "Word Document",
        "user": "UM3V8V1NK",
        "user_team": "T355R0RT3",
        "editable": false,
        "size": 269672,
        "mode": "hosted",
        "is_external": false,
        "external_type": "",
        "is_public": false,
        "public_url_shared": false,
        "display_as_bot": false,
        "username": "",
        "url_private": "https://files.slack.com/files-pri/T355R0RT3-F0ACL6N9C3E/learning_academy_business_requirements_for_devpixel.docx",
        "url_private_download": "https://files.slack.com/files-pri/T355R0RT3-F0ACL6N9C3E/download/learning_academy_business_requirements_for_devpixel.docx",
        "media_display_type": "unknown",
        "converted_pdf": "https://files.slack.com/files-tmb/T355R0RT3-F0ACL6N9C3E-e90fff51a3/learning_academy_business_requirements_for_devpixel_converted.pdf",
        "thumb_pdf": "https://files.slack.com/files-tmb/T355R0RT3-F0ACL6N9C3E-e90fff51a3/learning_academy_business_requirements_for_devpixel_thumb_pdf.png",
        "thumb_pdf_w": 935,
        "thumb_pdf_h": 1210,
        "permalink": "https://devpixeled.slack.com/files/UM3V8V1NK/F0ACL6N9C3E/learning_academy_business_requirements_for_devpixel.docx",
        "permalink_public": "https://slack-files.com/T355R0RT3-F0ACL6N9C3E-60369bf0e9",
        "is_starred": false,
        "skipped_shares": true,
        "has_rich_preview": false,
        "file_access": "visible"
      }
    ],
    "upload": false,
    "user": "UM3V8V1NK",
    "display_as_bot": false,
    "blocks": [
      {
        "type": "rich_text",
        "block_id": "bMSNr",
        "elements": [
          {
            "type": "rich_text_section",
            "elements": [
              {
                "type": "text",
                "text": "This is a working document and will continue to evolve as discussions progress.\nPlease find the attached draft document prepared by the business outlining the requirements."
              }
            ]
          }
        ]
      }
    ],
    "type": "message",
    "ts": "1770054665.567329",
    "client_msg_id": "c90edd6e-4ccd-4e99-a9a6-afc8ef86e917",
    "thread_ts": "1770054665.567329",
    "reply_count": 1,
    "reply_users_count": 1,
    "latest_reply": "1770056214.349989",
    "reply_users": [
      "UM3V8V1NK"
    ],
    "is_locked": false,
    "subscribed": true,
    "last_read": "1770056214.349989"
  },
  {
    "user": "U02JFCNHKHB",
    "type": "message",
    "ts": "1770054980.006519",
    "client_msg_id": "bd163a95-183a-46bb-b15b-5a0e2ab0b3e9",
    "text": "We need the API review to complete asap",
    "team": "T355R0RT3",
    "blocks": [
      {
        "type": "rich_text",
        "block_id": "igz4m",
        "elements": [
          {
            "type": "rich_text_section",
            "elements": [
              {
                "type": "text",
                "text": "We need the API review to complete asap"
              }
            ]
          }
        ]
      }
    ]
  },
  {
    "user": "U02JFCNHKHB",
    "type": "message",
    "ts": "1770055039.145129",
    "client_msg_id": "909d2b4a-14e4-49ba-af05-baaf55a4ddee",
    "text": "We need to know the options we have for implementing each feature, as well as where the potential issues are for what ISTE is about to ask D2L",
    "team": "T355R0RT3",
    "blocks": [
      {
        "type": "rich_text",
        "block_id": "++FH3",
        "elements": [
          {
            "type": "rich_text_section",
            "elements": [
              {
                "type": "text",
                "text": "We need to know the options we have for implementing each feature, as well as where the potential issues are for what ISTE is about to ask D2L"
              }
            ]
          }
        ]
      }
    ]
  },
  {
    "user": "U02JFCNHKHB",
    "type": "message",
    "ts": "1770055142.695509",
    "client_msg_id": "44e74f39-afe5-449a-aa32-674b463f3d5d",
    "text": "Those 3 should be done with their reviews soon, right? At the very least, they should already have a good idea of where everything is and how to quickly get answers to questions they don't already know the answers to.",
    "team": "T355R0RT3",
    "blocks": [
      {
        "type": "rich_text",
        "block_id": "ThGVS",
        "elements": [
          {
            "type": "rich_text_section",
            "elements": [
              {
                "type": "text",
                "text": "Those 3 should be done with their reviews soon, right? At the very least, they should already have a good idea of where everything is and how to quickly get answers to questions they don't already know the answers to."
              }
            ]
          }
        ]
      }
    ]
  },
  {
    "user": "UM3V8V1NK",
    "type": "message",
    "ts": "1770055771.793109",
    "client_msg_id": "c11cf7ae-a22a-429b-82f0-7c47b327d71b",
    "text": "Yes, Aris.\nDay 1: Shared mental model of the platform and how major components fit together - *Done*\nDay 2: Inventory of available capabilities and exposed APIs - *Done*\nDay 3: Identified constraints, limits, and non-negotiable boundaries - *Done*\nDay 4: Mapped capability patterns and common integration approaches - *To Do*\nDay 5: Synthesized findings into summary and recommendations - *To Do*",
    "team": "T355R0RT3",
    "blocks": [
      {
        "type": "rich_text",
        "block_id": "Cj1Fq",
        "elements": [
          {
            "type": "rich_text_section",
            "elements": [
              {
                "type": "text",
                "text": "Yes, Aris.\nDay 1: Shared mental model of the platform and how major components fit together - "
              },
              {
                "type": "text",
                "text": "Done",
                "style": {
                  "bold": true
                }
              },
              {
                "type": "text",
                "text": "\nDay 2: Inventory of available capabilities and exposed APIs - "
              },
              {
                "type": "text",
                "text": "Done",
                "style": {
                  "bold": true
                }
              },
              {
                "type": "text",
                "text": "\nDay 3: Identified constraints, limits, and non-negotiable boundaries - "
              },
              {
                "type": "text",
                "text": "Done",
                "style": {
                  "bold": true
                }
              },
              {
                "type": "text",
                "text": "\nDay 4: Mapped capability patterns and common integration approaches - "
              },
              {
                "type": "text",
                "text": "To Do",
                "style": {
                  "bold": true
                }
              },
              {
                "type": "text",
                "text": "\nDay 5: Synthesized findings into summary and recommendations - "
              },
              {
                "type": "text",
                "text": "To Do",
                "style": {
                  "bold": true
                }
              }
            ]
          }
        ]
      }
    ]
  },
  {
    "subtype": "channel_join",
    "user": "U08FS8VDFSR",
    "text": "<@U08FS8VDFSR> has joined the channel",
    "inviter": "UM3V8V1NK",
    "type": "message",
    "ts": "1770056007.506189"
  },
  {
    "subtype": "channel_join",
    "user": "U08SA26H4LT",
    "text": "<@U08SA26H4LT> has joined the channel",
    "inviter": "UM3V8V1NK",
    "type": "message",
    "ts": "1770056014.835109"
  },
  {
    "subtype": "channel_join",
    "user": "U0A0LLMHPKP",
    "text": "<@U0A0LLMHPKP> has joined the channel",
    "inviter": "UM3V8V1NK",
    "type": "message",
    "ts": "1770056019.293809"
  },
  {
    "subtype": "thread_broadcast",
    "user": "UM3V8V1NK",
    "thread_ts": "1770054665.567329",
    "root": {
      "text": "This is a working document and will continue to evolve as discussions progress.\nPlease find the attached draft document prepared by the business outlining the requirements.",
      "files": [
        {
          "id": "F0ACL6N9C3E",
          "created": 1770054647,
          "timestamp": 1770054647,
          "name": "Learning Academy Business Requirements for DevPixel.docx",
          "title": "Learning Academy Business Requirements for DevPixel.docx",
          "mimetype": "application/vnd.openxmlformats-officedocument.wordprocessingml.document",
          "filetype": "docx",
          "pretty_type": "Word Document",
          "user": "UM3V8V1NK",
          "user_team": "T355R0RT3",
          "editable": false,
          "size": 269672,
          "mode": "hosted",
          "is_external": false,
          "external_type": "",
          "is_public": false,
          "public_url_shared": false,
          "display_as_bot": false,
          "username": "",
          "url_private": "https://files.slack.com/files-pri/T355R0RT3-F0ACL6N9C3E/learning_academy_business_requirements_for_devpixel.docx",
          "url_private_download": "https://files.slack.com/files-pri/T355R0RT3-F0ACL6N9C3E/download/learning_academy_business_requirements_for_devpixel.docx",
          "media_display_type": "unknown",
          "converted_pdf": "https://files.slack.com/files-tmb/T355R0RT3-F0ACL6N9C3E-e90fff51a3/learning_academy_business_requirements_for_devpixel_converted.pdf",
          "thumb_pdf": "https://files.slack.com/files-tmb/T355R0RT3-F0ACL6N9C3E-e90fff51a3/learning_academy_business_requirements_for_devpixel_thumb_pdf.png",
          "thumb_pdf_w": 935,
          "thumb_pdf_h": 1210,
          "permalink": "https://devpixeled.slack.com/files/UM3V8V1NK/F0ACL6N9C3E/learning_academy_business_requirements_for_devpixel.docx",
          "permalink_public": "https://slack-files.com/T355R0RT3-F0ACL6N9C3E-60369bf0e9",
          "is_starred": false,
          "skipped_shares": true,
          "has_rich_preview": false,
          "file_access": "visible"
        }
      ],
      "upload": false,
      "user": "UM3V8V1NK",
      "display_as_bot": false,
      "blocks": [
        {
          "type": "rich_text",
          "block_id": "bMSNr",
          "elements": [
            {
              "type": "rich_text_section",
              "elements": [
                {
                  "type": "text",
                  "text": "This is a working document and will continue to evolve as discussions progress.\nPlease find the attached draft document prepared by the business outlining the requirements."
                }
              ]
            }
          ]
        }
      ],
      "type": "message",
      "ts": "1770054665.567329",
      "client_msg_id": "c90edd6e-4ccd-4e99-a9a6-afc8ef86e917",
      "thread_ts": "1770054665.567329",
      "reply_count": 1,
      "reply_users_count": 1,
      "latest_reply": "1770056214.349989",
      "reply_users": [
        "UM3V8V1NK"
      ],
      "is_locked": false,
      "subscribed": true,
      "last_read": "1770056214.349989"
    },
    "type": "message",
    "ts": "1770056214.349989",
    "client_msg_id": "cd4e42e5-43f3-4ce6-824f-562225ee77d0",
    "text": "<@U08FS8VDFSR> <@U08SA26H4LT> <@U0A0LLMHPKP> please go through this document first thing tomorrow and we will catch up post lunch.",
    "blocks": [
      {
        "type": "rich_text",
        "block_id": "Wwklw",
        "elements": [
          {
            "type": "rich_text_section",
            "elements": [
              {
                "type": "user",
                "user_id": "U08FS8VDFSR"
              },
              {
                "type": "text",
                "text": " "
              },
              {
                "type": "user",
                "user_id": "U08SA26H4LT"
              },
              {
                "type": "text",
                "text": " "
              },
              {
                "type": "user",
                "user_id": "U0A0LLMHPKP"
              },
              {
                "type": "text",
                "text": " please go through this document first thing tomorrow and we will catch up post lunch."
              }
            ]
          }
        ]
      }
    ],
    "reactions": [
      {
        "name": "+1",
        "users": [
          "U0A0LLMHPKP",
          "U08FS8VDFSR"
        ],
        "count": 2
      }
    ]
  }
]