[
  {
    "subtype": "channel_join",
    "user": "U06LZMW3466",
    "text": "<@U06LZMW3466> has joined the channel",
    "inviter": "UM3V8V1NK",
    "type": "message",
    "ts": "1770019391.538239"
  },
  {
    "subtype": "channel_join",
    "user": "U35PLGF3M",
    "text": "<@U35PLGF3M> has joined the channel",
    "inviter": "UM3V8V1NK",
    "type": "message",
    "ts": "1770032200.113059"
  },
  {
    "user": "U02JFCNHKHB",
    "type": "message",
    "ts": "1770051838.767149",
    "client_msg_id": "c70325d7-3244-48d5-aba3-d22f9f5594e6",
    "text": "Once LiveChatNow creates a case, we need to link the case to a contact record, using the email as the key for lookup",
    "team": "T355R0RT3",
    "blocks": [
      {
        "type": "rich_text",
        "block_id": "vET6u",
        "elements": [
          {
            "type": "rich_text_section",
            "elements": [
              {
                "type": "text",
                "text": "Once LiveChatNow creates a case, we need to link the case to a contact record, using the email as the key for lookup"
              }
            ]
          }
        ]
      }
    ]
  },
  {
    "user": "U02JFCNHKHB",
    "type": "message",
    "ts": "1770051863.204859",
    "client_msg_id": "3feae511-7caf-4443-9e8e-cac08e9175ec",
    "text": "There are 4 service queues that need to be migrated over to the new instance",
    "team": "T355R0RT3",
    "blocks": [
      {
        "type": "rich_text",
        "block_id": "+IZao",
        "elements": [
          {
            "type": "rich_text_section",
            "elements": [
              {
                "type": "text",
                "text": "There are 4 service queues that need to be migrated over to the new instance"
              }
            ]
          }
        ]
      }
    ]
  },
  {
    "user": "U02JFCNHKHB",
    "type": "message",
    "ts": "1770051900.556109",
    "client_msg_id": "bfb01e31-a042-495c-9680-a6983087f998",
    "text": "Darren and I are trying to create a dev instance of LiveChatNow for us to use. I will update when we have that up and running",
    "team": "T355R0RT3",
    "blocks": [
      {
        "type": "rich_text",
        "block_id": "M+OJX",
        "elements": [
          {
            "type": "rich_text_section",
            "elements": [
              {
                "type": "text",
                "text": "Darren and I are trying to create a dev instance of LiveChatNow for us to use. I will update when we have that up and running"
              }
            ]
          }
        ]
      }
    ],
    "reactions": [
      {
        "name": "+1",
        "users": [
          "UM3V8V1NK"
        ],
        "count": 1
      }
    ]
  }
]