[
  {
    "subtype": "channel_join",
    "user": "U02JFCNHKHB",
    "text": "<@U02JFCNHKHB> has joined the channel",
    "type": "message",
    "ts": "1769622788.652979"
  },
  {
    "subtype": "channel_join",
    "user": "UM3V8V1NK",
    "text": "<@UM3V8V1NK> has joined the channel",
    "inviter": "U02JFCNHKHB",
    "type": "message",
    "ts": "1769622795.072689"
  },
  {
    "subtype": "channel_join",
    "user": "U37KPJ30D",
    "text": "<@U37KPJ30D> has joined the channel",
    "inviter": "U02JFCNHKHB",
    "type": "message",
    "ts": "1769622795.174149"
  },
  {
    "user": "U02JFCNHKHB",
    "type": "message",
    "ts": "1769623108.487089",
    "client_msg_id": "9c2bb691-dbc1-4cd4-a0c6-9869d2dd25df",
    "text": "Immediate priority: ARA is using a chatbot service to create cases. The service is called LiveChatNow. We need to assess how complicated it is to move this to a new Salesforce instance. \n\nLiveChatNow hosts everything that has to do with the bot and provides integration with SF. Creating cases and handling status updates are a matter of field mappings and configurations on the LiveChatNow side, and the service will take care of everything else. \n\nWe need to know: \n\n1. What exists on the SF end to support this\n2. How easy it is to move this to a new SF instance \n3. What is the rough timeline for getting this moved\nNeed this by mid day tomorrow.",
    "team": "T355R0RT3",
    "blocks": [
      {
        "type": "rich_text",
        "block_id": "iqGL7",
        "elements": [
          {
            "type": "rich_text_section",
            "elements": [
              {
                "type": "text",
                "text": "Immediate priority: ARA is using a chatbot service to create cases. The service is called LiveChatNow. We need to assess how complicated it is to move this to a new Salesforce instance. \n\nLiveChatNow hosts everything that has to do with the bot and provides integration with SF. Creating cases and handling status updates are a matter of field mappings and configurations on the LiveChatNow side, and the service will take care of everything else. \n\nWe need to know: \n\n"
              }
            ]
          },
          {
            "type": "rich_text_list",
            "elements": [
              {
                "type": "rich_text_section",
                "elements": [
                  {
                    "type": "text",
                    "text": "What exists on the SF end to support this"
                  }
                ]
              },
              {
                "type": "rich_text_section",
                "elements": [
                  {
                    "type": "text",
                    "text": "How easy it is to move this to a new SF instance "
                  }
                ]
              },
              {
                "type": "rich_text_section",
                "elements": [
                  {
                    "type": "text",
                    "text": "What is the rough timeline for getting this moved"
                  }
                ]
              }
            ],
            "style": "ordered",
            "indent": 0,
            "offset": 0,
            "border": 0
          },
          {
            "type": "rich_text_section",
            "elements": [
              {
                "type": "text",
                "text": "\nNeed this by mid day tomorrow."
              }
            ]
          }
        ]
      }
    ],
    "reactions": [
      {
        "name": "+1",
        "users": [
          "U37KPJ30D",
          "UM3V8V1NK"
        ],
        "count": 2
      }
    ]
  },
  {
    "user": "U02JFCNHKHB",
    "type": "message",
    "ts": "1769623159.966519",
    "client_msg_id": "9070c558-0e13-436b-902a-d0d525e86c72",
    "text": "<@UM3V8V1NK> <@U37KPJ30D>",
    "team": "T355R0RT3",
    "blocks": [
      {
        "type": "rich_text",
        "block_id": "vBDeb",
        "elements": [
          {
            "type": "rich_text_section",
            "elements": [
              {
                "type": "user",
                "user_id": "UM3V8V1NK"
              },
              {
                "type": "text",
                "text": " "
              },
              {
                "type": "user",
                "user_id": "U37KPJ30D"
              }
            ]
          }
        ]
      }
    ]
  },
  {
    "user": "UM3V8V1NK",
    "type": "message",
    "ts": "1769623202.653189",
    "client_msg_id": "678adace-b0c7-46be-9076-cf67a994d746",
    "text": "Noted <@U02JFCNHKHB>.",
    "team": "T355R0RT3",
    "blocks": [
      {
        "type": "rich_text",
        "block_id": "mjg+g",
        "elements": [
          {
            "type": "rich_text_section",
            "elements": [
              {
                "type": "text",
                "text": "Noted "
              },
              {
                "type": "user",
                "user_id": "U02JFCNHKHB"
              },
              {
                "type": "text",
                "text": "."
              }
            ]
          }
        ]
      }
    ]
  }
]