[
  {
    "user": "UM3V8V1NK",
    "type": "message",
    "ts": "1770340436.757919",
    "client_msg_id": "F7A387BA-ADC1-4624-AA3D-4A8092FE0EB6",
    "text": "Yes. Through production setup &gt; sandboxes\nLogin to the sandbox ",
    "team": "T355R0RT3",
    "blocks": [
      {
        "type": "rich_text",
        "block_id": "3WDhv",
        "elements": [
          {
            "type": "rich_text_section",
            "elements": [
              {
                "type": "text",
                "text": "Yes. Through production setup > sandboxes\nLogin to the sandbox "
              }
            ]
          }
        ]
      }
    ]
  },
  {
    "user": "U02JFCNHKHB",
    "type": "message",
    "ts": "1770340477.669659",
    "client_msg_id": "b32c49df-51de-4b85-b298-49aa0d209a33",
    "text": "Then why didn't you guys do that?",
    "team": "T355R0RT3",
    "blocks": [
      {
        "type": "rich_text",
        "block_id": "4dmga",
        "elements": [
          {
            "type": "rich_text_section",
            "elements": [
              {
                "type": "text",
                "text": "Then why didn't you guys do that?"
              }
            ]
          }
        ]
      }
    ]
  },
  {
    "user": "UM3V8V1NK",
    "type": "message",
    "ts": "1770344574.243769",
    "client_msg_id": "c79ce636-7902-4135-b41d-336d6eeef77b",
    "text": "Basic and feeling pretty :grimacing: right now.",
    "team": "T355R0RT3",
    "blocks": [
      {
        "type": "rich_text",
        "block_id": "JVh4M",
        "elements": [
          {
            "type": "rich_text_section",
            "elements": [
              {
                "type": "text",
                "text": "Basic and feeling pretty "
              },
              {
                "type": "emoji",
                "name": "grimacing",
                "unicode": "1f62c"
              },
              {
                "type": "text",
                "text": " right now."
              }
            ]
          }
        ]
      }
    ]
  },
  {
    "user": "U02JFCNHKHB",
    "type": "message",
    "ts": "1770361472.477819",
    "client_msg_id": "f737d82b-078e-4420-93b1-7725f44e61dd",
    "text": "<!channel> You all dropped the ball on this one. \n\nTwo days you guys were stuck on login. Darren was the one who told me that I can log in through prod. We were supposed to be the Salesforce experts in this relationship.\n\nWhat do you guys think was the impression made at that moment?",
    "team": "T355R0RT3",
    "blocks": [
      {
        "type": "rich_text",
        "block_id": "k+Uy9",
        "elements": [
          {
            "type": "rich_text_section",
            "elements": [
              {
                "type": "broadcast",
                "range": "channel"
              },
              {
                "type": "text",
                "text": " You all dropped the ball on this one. \n\nTwo days you guys were stuck on login. Darren was the one who told me that I can log in through prod. We were supposed to be the Salesforce experts in this relationship.\n\nWhat do you guys think was the impression made at that moment?"
              }
            ]
          }
        ]
      }
    ]
  },
  {
    "user": "UM3V8V1NK",
    "type": "message",
    "ts": "1770363319.364809",
    "client_msg_id": "402963a9-32c4-4acf-8ca6-577be4c1309a",
    "text": "I know that feeling, and I’ve been there too. I don’t have a specific excuse, except that I really do need to take a step back and stop reacting, and instead start responding more thoughtfully.\nWorking with Abhi to get all of this mess cleared and more streamlined.",
    "team": "T355R0RT3",
    "blocks": [
      {
        "type": "rich_text",
        "block_id": "Vsi/C",
        "elements": [
          {
            "type": "rich_text_section",
            "elements": [
              {
                "type": "text",
                "text": "I know that feeling, and I’ve been there too. I don’t have a specific excuse, except that I really do need to take a step back and stop reacting, and instead start responding more thoughtfully.\nWorking with Abhi to get all of this mess cleared and more streamlined."
              }
            ]
          }
        ]
      }
    ]
  },
  {
    "user": "U02JFCNHKHB",
    "type": "message",
    "ts": "1770383955.132529",
    "client_msg_id": "5892ce7c-2d8a-400d-8f69-c1d919faed17",
    "text": "LiveHelpNow needs to move over first. Then we move everything else. Fonteva is working in the new prod. Once they are done, we also need to move their stuff over to the sandbox to ensure everything works together.",
    "team": "T355R0RT3",
    "blocks": [
      {
        "type": "rich_text",
        "block_id": "q5+dp",
        "elements": [
          {
            "type": "rich_text_section",
            "elements": [
              {
                "type": "text",
                "text": "LiveHelpNow needs to move over first. Then we move everything else. Fonteva is working in the new prod. Once they are done, we also need to move their stuff over to the sandbox to ensure everything works together."
              }
            ]
          }
        ]
      }
    ],
    "reactions": [
      {
        "name": "+1",
        "users": [
          "UM3V8V1NK"
        ],
        "count": 1
      }
    ]
  },
  {
    "user": "U02JFCNHKHB",
    "type": "message",
    "ts": "1770384002.027699",
    "client_msg_id": "83592f57-60a6-4bdd-804c-5af1803d3ccc",
    "text": "When can I expect the LiveHelpNow to be stood up?",
    "team": "T355R0RT3",
    "blocks": [
      {
        "type": "rich_text",
        "block_id": "kFHGb",
        "elements": [
          {
            "type": "rich_text_section",
            "elements": [
              {
                "type": "text",
                "text": "When can I expect the LiveHelpNow to be stood up?"
              }
            ]
          }
        ]
      }
    ]
  },
  {
    "user": "U37KPJ30D",
    "type": "message",
    "ts": "1770389036.719949",
    "client_msg_id": "f65a4f82-0009-40cd-9a51-fb9cfb042e91",
    "text": "<@U02JFCNHKHB> we'll prioritize getting LiveHelpNow stood up first in the new Salesforce org and we can have the set up and ready within 3 days by Wednesday the 11th.",
    "team": "T355R0RT3",
    "blocks": [
      {
        "type": "rich_text",
        "block_id": "Jx2Zw",
        "elements": [
          {
            "type": "rich_text_section",
            "elements": [
              {
                "type": "user",
                "user_id": "U02JFCNHKHB"
              },
              {
                "type": "text",
                "text": " we'll prioritize getting LiveHelpNow stood up first in the new Salesforce org and we can have the set up and ready within 3 days by Wednesday the 11th."
              }
            ]
          }
        ]
      }
    ]
  }
]