[
  {
    "user": "U37KPJ30D",
    "type": "message",
    "ts": "1769674797.081429",
    "client_msg_id": "9c321997-f3c1-4ec8-a79e-11110dcb6a00",
    "text": "*<@U02JFCNHKHB> Current State &amp; Migration Summary*\n• The current LiveChatNow setup is primarily supported on the Salesforce side through *Case-centric configuration*, rather than custom code.\n• LiveChatNow created interactions result in *Case records* in Salesforce, with the Case object carrying all related information through a defined set of *standard and custom fields*.\n• *Assignment rules and queues* are used to route these cases to the appropriate support teams.\n• *Omni-Channel routing* is enabled and used to distribute cases to agents based on *presence, capacity, and routing configuration*.\n• There are *6–7 Screen Flows built on the Case object* that support custom agent interactions. These flows are *UI-driven*, do not represent backend automation, and are *not triggered by LiveChatNow API calls*. However, they must be reviewed and deployed to the new Salesforce instance to ensure continued functionality and to avoid interference with API-based case creation.\n• Importantly, *no Apex triggers, custom code, or programmatic automation* have been identified in the current production org. This significantly reduces migration risk, as the entire setup is *metadata-driven and portable*.\n• From an integration perspective, *LiveChatNow is a third-party application* fully hosted outside Salesforce. It connects to Salesforce using *standard APIs (REST/SOAP)* via a dedicated *integration user*. Salesforce acts purely as a downstream system for *case creation, updates, and routing*.\n• To move this setup to a new Salesforce instance, *all Salesforce-side configuration must be deployed*, including:\n    ◦ Case-related fields\n    ◦ Assignment rules and queues\n    ◦ Email-to-case\n    ◦ Omni-Channel routing configurations\n    ◦ Page layouts and console components\n    ◦ Screen Flows and related dependencies\n    ◦ Integration user and permission sets\n• Once the new Salesforce instance is ready, the *out-of-the-box API URLs and authentication details* for the new org must be updated in LiveChatNow. This includes repointing LiveChatNow to the new Salesforce endpoints and *reauthorizing the integration user*.\n• The overall effort is focused on *deploying metadata and updating integration endpoints*, rather than rebuilding functionality.\n• Moving LiveChatNow to a new Salesforce instance is a *controlled, low-to-moderate effort activity*, with an estimated timeline of *approximately 1 to 1.5 weeks*.\n",
    "team": "T355R0RT3",
    "blocks": [
      {
        "type": "rich_text",
        "block_id": "2NEky",
        "elements": [
          {
            "type": "rich_text_section",
            "elements": [
              {
                "type": "user",
                "user_id": "U02JFCNHKHB",
                "style": {
                  "bold": true
                }
              },
              {
                "type": "text",
                "text": " Current State & Migration Summary",
                "style": {
                  "bold": true
                }
              },
              {
                "type": "text",
                "text": "\n"
              }
            ]
          },
          {
            "type": "rich_text_list",
            "elements": [
              {
                "type": "rich_text_section",
                "elements": [
                  {
                    "type": "text",
                    "text": "The current LiveChatNow setup is primarily supported on the Salesforce side through "
                  },
                  {
                    "type": "text",
                    "text": "Case-centric configuration",
                    "style": {
                      "bold": true
                    }
                  },
                  {
                    "type": "text",
                    "text": ", rather than custom code."
                  }
                ]
              },
              {
                "type": "rich_text_section",
                "elements": [
                  {
                    "type": "text",
                    "text": "LiveChatNow created interactions result in "
                  },
                  {
                    "type": "text",
                    "text": "Case records",
                    "style": {
                      "bold": true
                    }
                  },
                  {
                    "type": "text",
                    "text": " in Salesforce, with the Case object carrying all related information through a defined set of "
                  },
                  {
                    "type": "text",
                    "text": "standard and custom fields",
                    "style": {
                      "bold": true
                    }
                  },
                  {
                    "type": "text",
                    "text": "."
                  }
                ]
              },
              {
                "type": "rich_text_section",
                "elements": [
                  {
                    "type": "text",
                    "text": "Assignment rules and queues",
                    "style": {
                      "bold": true
                    }
                  },
                  {
                    "type": "text",
                    "text": " are used to route these cases to the appropriate support teams."
                  }
                ]
              },
              {
                "type": "rich_text_section",
                "elements": [
                  {
                    "type": "text",
                    "text": "Omni-Channel routing",
                    "style": {
                      "bold": true
                    }
                  },
                  {
                    "type": "text",
                    "text": " is enabled and used to distribute cases to agents based on "
                  },
                  {
                    "type": "text",
                    "text": "presence, capacity, and routing configuration",
                    "style": {
                      "bold": true
                    }
                  },
                  {
                    "type": "text",
                    "text": "."
                  }
                ]
              },
              {
                "type": "rich_text_section",
                "elements": [
                  {
                    "type": "text",
                    "text": "There are "
                  },
                  {
                    "type": "text",
                    "text": "6–7 Screen Flows built on the Case object",
                    "style": {
                      "bold": true
                    }
                  },
                  {
                    "type": "text",
                    "text": " that support custom agent interactions. These flows are "
                  },
                  {
                    "type": "text",
                    "text": "UI-driven",
                    "style": {
                      "bold": true
                    }
                  },
                  {
                    "type": "text",
                    "text": ", do not represent backend automation, and are "
                  },
                  {
                    "type": "text",
                    "text": "not triggered by LiveChatNow API calls",
                    "style": {
                      "bold": true
                    }
                  },
                  {
                    "type": "text",
                    "text": ". However, they must be reviewed and deployed to the new Salesforce instance to ensure continued functionality and to avoid interference with API-based case creation."
                  }
                ]
              },
              {
                "type": "rich_text_section",
                "elements": [
                  {
                    "type": "text",
                    "text": "Importantly, "
                  },
                  {
                    "type": "text",
                    "text": "no Apex triggers, custom code, or programmatic automation",
                    "style": {
                      "bold": true
                    }
                  },
                  {
                    "type": "text",
                    "text": " have been identified in the current production org. This significantly reduces migration risk, as the entire setup is "
                  },
                  {
                    "type": "text",
                    "text": "metadata-driven and portable",
                    "style": {
                      "bold": true
                    }
                  },
                  {
                    "type": "text",
                    "text": "."
                  }
                ]
              },
              {
                "type": "rich_text_section",
                "elements": [
                  {
                    "type": "text",
                    "text": "From an integration perspective, "
                  },
                  {
                    "type": "text",
                    "text": "LiveChatNow is a third-party application",
                    "style": {
                      "bold": true
                    }
                  },
                  {
                    "type": "text",
                    "text": " fully hosted outside Salesforce. It connects to Salesforce using "
                  },
                  {
                    "type": "text",
                    "text": "standard APIs (REST/SOAP)",
                    "style": {
                      "bold": true
                    }
                  },
                  {
                    "type": "text",
                    "text": " via a dedicated "
                  },
                  {
                    "type": "text",
                    "text": "integration user",
                    "style": {
                      "bold": true
                    }
                  },
                  {
                    "type": "text",
                    "text": ". Salesforce acts purely as a downstream system for "
                  },
                  {
                    "type": "text",
                    "text": "case creation, updates, and routing",
                    "style": {
                      "bold": true
                    }
                  },
                  {
                    "type": "text",
                    "text": "."
                  }
                ]
              },
              {
                "type": "rich_text_section",
                "elements": [
                  {
                    "type": "text",
                    "text": "To move this setup to a new Salesforce instance, "
                  },
                  {
                    "type": "text",
                    "text": "all Salesforce-side configuration must be deployed",
                    "style": {
                      "bold": true
                    }
                  },
                  {
                    "type": "text",
                    "text": ", including:"
                  }
                ]
              }
            ],
            "style": "bullet",
            "indent": 0,
            "border": 0
          },
          {
            "type": "rich_text_list",
            "elements": [
              {
                "type": "rich_text_section",
                "elements": [
                  {
                    "type": "text",
                    "text": "Case-related fields"
                  }
                ]
              },
              {
                "type": "rich_text_section",
                "elements": [
                  {
                    "type": "text",
                    "text": "Assignment rules and queues"
                  }
                ]
              },
              {
                "type": "rich_text_section",
                "elements": [
                  {
                    "type": "text",
                    "text": "Email-to-case"
                  }
                ]
              },
              {
                "type": "rich_text_section",
                "elements": [
                  {
                    "type": "text",
                    "text": "Omni-Channel routing configurations"
                  }
                ]
              },
              {
                "type": "rich_text_section",
                "elements": [
                  {
                    "type": "text",
                    "text": "Page layouts and console components"
                  }
                ]
              },
              {
                "type": "rich_text_section",
                "elements": [
                  {
                    "type": "text",
                    "text": "Screen Flows and related dependencies"
                  }
                ]
              },
              {
                "type": "rich_text_section",
                "elements": [
                  {
                    "type": "text",
                    "text": "Integration user and permission sets"
                  }
                ]
              }
            ],
            "style": "bullet",
            "indent": 1,
            "border": 0
          },
          {
            "type": "rich_text_list",
            "elements": [
              {
                "type": "rich_text_section",
                "elements": [
                  {
                    "type": "text",
                    "text": "Once the new Salesforce instance is ready, the "
                  },
                  {
                    "type": "text",
                    "text": "out-of-the-box API URLs and authentication details",
                    "style": {
                      "bold": true
                    }
                  },
                  {
                    "type": "text",
                    "text": " for the new org must be updated in LiveChatNow. This includes repointing LiveChatNow to the new Salesforce endpoints and "
                  },
                  {
                    "type": "text",
                    "text": "reauthorizing the integration user",
                    "style": {
                      "bold": true
                    }
                  },
                  {
                    "type": "text",
                    "text": "."
                  }
                ]
              },
              {
                "type": "rich_text_section",
                "elements": [
                  {
                    "type": "text",
                    "text": "The overall effort is focused on "
                  },
                  {
                    "type": "text",
                    "text": "deploying metadata and updating integration endpoints",
                    "style": {
                      "bold": true
                    }
                  },
                  {
                    "type": "text",
                    "text": ", rather than rebuilding functionality."
                  }
                ]
              },
              {
                "type": "rich_text_section",
                "elements": [
                  {
                    "type": "text",
                    "text": "Moving LiveChatNow to a new Salesforce instance is a "
                  },
                  {
                    "type": "text",
                    "text": "controlled, low-to-moderate effort activity",
                    "style": {
                      "bold": true
                    }
                  },
                  {
                    "type": "text",
                    "text": ", with an estimated timeline of "
                  },
                  {
                    "type": "text",
                    "text": "approximately 1 to 1.5 weeks",
                    "style": {
                      "bold": true
                    }
                  },
                  {
                    "type": "text",
                    "text": "."
                  }
                ]
              }
            ],
            "style": "bullet",
            "indent": 0,
            "border": 0
          },
          {
            "type": "rich_text_section",
            "elements": []
          }
        ]
      }
    ]
  },
  {
    "user": "U37KPJ30D",
    "type": "message",
    "ts": "1769675429.603649",
    "client_msg_id": "5ef88949-d90b-4115-ba7a-b10e537c9c1f",
    "text": "It is not only the LiveChatNow integration, any Case-centric configuration around it (such as Email-to-Case, routing, queues, Omni-Channel, and flows) must also be considered as part of the move. If some of these Case-centric configurations are not required in the new production setup, the overall effort could reduce significantly.",
    "team": "T355R0RT3",
    "blocks": [
      {
        "type": "rich_text",
        "block_id": "+e4es",
        "elements": [
          {
            "type": "rich_text_section",
            "elements": [
              {
                "type": "text",
                "text": "It is not only the LiveChatNow integration, any Case-centric configuration around it (such as Email-to-Case, routing, queues, Omni-Channel, and flows) must also be considered as part of the move. If some of these Case-centric configurations are not required in the new production setup, the overall effort could reduce significantly."
              }
            ]
          }
        ]
      }
    ]
  },
  {
    "user": "U02JFCNHKHB",
    "type": "message",
    "ts": "1769682983.879129",
    "client_msg_id": "b972f6f3-bd83-4129-92e2-afd0b3ad2898",
    "text": "Wow",
    "team": "T355R0RT3",
    "blocks": [
      {
        "type": "rich_text",
        "block_id": "Krg9m",
        "elements": [
          {
            "type": "rich_text_section",
            "elements": [
              {
                "type": "text",
                "text": "Wow"
              }
            ]
          }
        ]
      }
    ]
  },
  {
    "user": "U02JFCNHKHB",
    "type": "message",
    "ts": "1769682995.340869",
    "client_msg_id": "9d9951a3-9d2c-42b2-ab8b-3e65e6904b5a",
    "text": "Love this",
    "team": "T355R0RT3",
    "blocks": [
      {
        "type": "rich_text",
        "block_id": "WmBwh",
        "elements": [
          {
            "type": "rich_text_section",
            "elements": [
              {
                "type": "text",
                "text": "Love this"
              }
            ]
          }
        ]
      }
    ]
  },
  {
    "user": "U02JFCNHKHB",
    "type": "message",
    "ts": "1769683041.331589",
    "client_msg_id": "9ca2524e-a67f-48f9-8dc0-e8461c7776c5",
    "text": "Okay, this is crystal clear. We will likely take this up very soon",
    "team": "T355R0RT3",
    "blocks": [
      {
        "type": "rich_text",
        "block_id": "hVCuN",
        "elements": [
          {
            "type": "rich_text_section",
            "elements": [
              {
                "type": "text",
                "text": "Okay, this is crystal clear. We will likely take this up very soon"
              }
            ]
          }
        ]
      }
    ],
    "reactions": [
      {
        "name": "+1",
        "users": [
          "UM3V8V1NK",
          "U37KPJ30D"
        ],
        "count": 2
      }
    ]
  },
  {
    "user": "U02JFCNHKHB",
    "type": "message",
    "ts": "1769684930.074329",
    "client_msg_id": "dcc74576-eed4-4d7b-9c72-bc2cc8b206a9",
    "text": "Notes from working sessions with Darren yesterday:\n\n• 20 UE Sales/Service Cloud licenses (expanding to 26)\n• Sales Cloud\n    ◦ Shadow IT configured\n    ◦ Using opportunities\n    ◦ Integrated Docusign\n    ◦ Not proposing any changes until Summer\n    ◦ Web to lead – future goal (we have a lot of forms today going straight to email, could be cases – tbd)\n• Service Cloud\n    ◦ Shadow IT configured\n    ◦ Service Console is being used\n    ◦ One primary queue in use\n    ◦ We do segment reports by “sister organization”, but this is currently flagged on the case as a picklist value\n    ◦ We have 5 individually branded organizations and customer care email addresses - the same service team handles all cases\n        ▪︎ Case Origin = Chat\n            • LiveChatNow for chat\n            • Chats are either double-data entered, or simply chats come in and new cases are created without linkage to contacts and accounts\n            • No issue continuing to use this for now. eventually would like to move over to salesforce, but no timeline\n        ▪︎ Case Origin = Email\n            • Standard outlook rules redirecting to Service cloud\n        ▪︎ Case Origin = Phone\n            • Cases are entered with minimal data - without linkage to contacts and accounts\n    ◦ IVR – current IVR is not integrated, future goal\n    ◦ Web to case – would like to explore, future\n*At Fonteva launch (3/16)*\n• Service\n    ◦ Reconfigure outlook redirect rules to direct cases to this new environment\n    ◦ Need 4 queues – Customer Care, Accounting, IT, Sales (Data Management)\n        ▪︎ Basic case usage assigned by inbound email, assigned via Fonteva process or via case transfer ownership/escalation\n        ▪︎ These are already created in current Prod, but there are a bunch of other old stuff that appears to be unused\n        ▪︎ Service console would need to be ported as it is today\n    ◦ Any existing open cases would be worked from the old environment\n• Sales\n    ◦ No change\n*Post Fonteva Launch (March – July)*\n• Clean up and migrate historical Case data\n• Reconfigure Sales Cloud\n    ◦ Re-implement Docusign\n• Clean up and migrate historical Opportunity data, Docusign contracts, etc.\n",
    "team": "T355R0RT3",
    "blocks": [
      {
        "type": "rich_text",
        "block_id": "C2b/i",
        "elements": [
          {
            "type": "rich_text_section",
            "elements": [
              {
                "type": "text",
                "text": "Notes from working sessions with Darren yesterday:\n\n"
              }
            ]
          },
          {
            "type": "rich_text_list",
            "elements": [
              {
                "type": "rich_text_section",
                "elements": [
                  {
                    "type": "text",
                    "text": "20 UE Sales/Service Cloud licenses (expanding to 26)"
                  }
                ]
              },
              {
                "type": "rich_text_section",
                "elements": [
                  {
                    "type": "text",
                    "text": "Sales Cloud"
                  }
                ]
              }
            ],
            "style": "bullet",
            "indent": 0,
            "border": 0
          },
          {
            "type": "rich_text_list",
            "elements": [
              {
                "type": "rich_text_section",
                "elements": [
                  {
                    "type": "text",
                    "text": "Shadow IT configured"
                  }
                ]
              },
              {
                "type": "rich_text_section",
                "elements": [
                  {
                    "type": "text",
                    "text": "Using opportunities"
                  }
                ]
              },
              {
                "type": "rich_text_section",
                "elements": [
                  {
                    "type": "text",
                    "text": "Integrated Docusign"
                  }
                ]
              },
              {
                "type": "rich_text_section",
                "elements": [
                  {
                    "type": "text",
                    "text": "Not proposing any changes until Summer"
                  }
                ]
              },
              {
                "type": "rich_text_section",
                "elements": [
                  {
                    "type": "text",
                    "text": "Web to lead – future goal (we have a lot of forms today going straight to email, could be cases – tbd)"
                  }
                ]
              }
            ],
            "style": "bullet",
            "indent": 1,
            "border": 0
          },
          {
            "type": "rich_text_list",
            "elements": [
              {
                "type": "rich_text_section",
                "elements": [
                  {
                    "type": "text",
                    "text": "Service Cloud"
                  }
                ]
              }
            ],
            "style": "bullet",
            "indent": 0,
            "border": 0
          },
          {
            "type": "rich_text_list",
            "elements": [
              {
                "type": "rich_text_section",
                "elements": [
                  {
                    "type": "text",
                    "text": "Shadow IT configured"
                  }
                ]
              },
              {
                "type": "rich_text_section",
                "elements": [
                  {
                    "type": "text",
                    "text": "Service Console is being used"
                  }
                ]
              },
              {
                "type": "rich_text_section",
                "elements": [
                  {
                    "type": "text",
                    "text": "One primary queue in use"
                  }
                ]
              },
              {
                "type": "rich_text_section",
                "elements": [
                  {
                    "type": "text",
                    "text": "We do segment reports by “sister organization”, but this is currently flagged on the case as a picklist value"
                  }
                ]
              },
              {
                "type": "rich_text_section",
                "elements": [
                  {
                    "type": "text",
                    "text": "We have 5 individually branded organizations and customer care email addresses - the same service team handles all cases"
                  }
                ]
              }
            ],
            "style": "bullet",
            "indent": 1,
            "border": 0
          },
          {
            "type": "rich_text_list",
            "elements": [
              {
                "type": "rich_text_section",
                "elements": [
                  {
                    "type": "text",
                    "text": "Case Origin = Chat"
                  }
                ]
              }
            ],
            "style": "bullet",
            "indent": 2,
            "border": 0
          },
          {
            "type": "rich_text_list",
            "elements": [
              {
                "type": "rich_text_section",
                "elements": [
                  {
                    "type": "text",
                    "text": "LiveChatNow for chat"
                  }
                ]
              },
              {
                "type": "rich_text_section",
                "elements": [
                  {
                    "type": "text",
                    "text": "Chats are either double-data entered, or simply chats come in and new cases are created without linkage to contacts and accounts"
                  }
                ]
              },
              {
                "type": "rich_text_section",
                "elements": [
                  {
                    "type": "text",
                    "text": "No issue continuing to use this for now. eventually would like to move over to salesforce, but no timeline"
                  }
                ]
              }
            ],
            "style": "bullet",
            "indent": 3,
            "border": 0
          },
          {
            "type": "rich_text_list",
            "elements": [
              {
                "type": "rich_text_section",
                "elements": [
                  {
                    "type": "text",
                    "text": "Case Origin = Email"
                  }
                ]
              }
            ],
            "style": "bullet",
            "indent": 2,
            "border": 0
          },
          {
            "type": "rich_text_list",
            "elements": [
              {
                "type": "rich_text_section",
                "elements": [
                  {
                    "type": "text",
                    "text": "Standard outlook rules redirecting to Service cloud"
                  }
                ]
              }
            ],
            "style": "bullet",
            "indent": 3,
            "border": 0
          },
          {
            "type": "rich_text_list",
            "elements": [
              {
                "type": "rich_text_section",
                "elements": [
                  {
                    "type": "text",
                    "text": "Case Origin = Phone"
                  }
                ]
              }
            ],
            "style": "bullet",
            "indent": 2,
            "border": 0
          },
          {
            "type": "rich_text_list",
            "elements": [
              {
                "type": "rich_text_section",
                "elements": [
                  {
                    "type": "text",
                    "text": "Cases are entered with minimal data - without linkage to contacts and accounts"
                  }
                ]
              }
            ],
            "style": "bullet",
            "indent": 3,
            "border": 0
          },
          {
            "type": "rich_text_list",
            "elements": [
              {
                "type": "rich_text_section",
                "elements": [
                  {
                    "type": "text",
                    "text": "IVR – current IVR is not integrated, future goal"
                  }
                ]
              },
              {
                "type": "rich_text_section",
                "elements": [
                  {
                    "type": "text",
                    "text": "Web to case – would like to explore, future"
                  }
                ]
              }
            ],
            "style": "bullet",
            "indent": 1,
            "border": 0
          },
          {
            "type": "rich_text_section",
            "elements": [
              {
                "type": "text",
                "text": "\n"
              },
              {
                "type": "text",
                "text": "At Fonteva launch (3/16)",
                "style": {
                  "bold": true
                }
              },
              {
                "type": "text",
                "text": "\n"
              }
            ]
          },
          {
            "type": "rich_text_list",
            "elements": [
              {
                "type": "rich_text_section",
                "elements": [
                  {
                    "type": "text",
                    "text": "Service"
                  }
                ]
              }
            ],
            "style": "bullet",
            "indent": 0,
            "border": 0
          },
          {
            "type": "rich_text_list",
            "elements": [
              {
                "type": "rich_text_section",
                "elements": [
                  {
                    "type": "text",
                    "text": "Reconfigure outlook redirect rules to direct cases to this new environment"
                  }
                ]
              },
              {
                "type": "rich_text_section",
                "elements": [
                  {
                    "type": "text",
                    "text": "Need 4 queues – Customer Care, Accounting, IT, Sales (Data Management)"
                  }
                ]
              }
            ],
            "style": "bullet",
            "indent": 1,
            "border": 0
          },
          {
            "type": "rich_text_list",
            "elements": [
              {
                "type": "rich_text_section",
                "elements": [
                  {
                    "type": "text",
                    "text": "Basic case usage assigned by inbound email, assigned via Fonteva process or via case transfer ownership/escalation"
                  }
                ]
              },
              {
                "type": "rich_text_section",
                "elements": [
                  {
                    "type": "text",
                    "text": "These are already created in current Prod, but there are a bunch of other old stuff that appears to be unused"
                  }
                ]
              },
              {
                "type": "rich_text_section",
                "elements": [
                  {
                    "type": "text",
                    "text": "Service console would need to be ported as it is today"
                  }
                ]
              }
            ],
            "style": "bullet",
            "indent": 2,
            "border": 0
          },
          {
            "type": "rich_text_list",
            "elements": [
              {
                "type": "rich_text_section",
                "elements": [
                  {
                    "type": "text",
                    "text": "Any existing open cases would be worked from the old environment"
                  }
                ]
              }
            ],
            "style": "bullet",
            "indent": 1,
            "border": 0
          },
          {
            "type": "rich_text_list",
            "elements": [
              {
                "type": "rich_text_section",
                "elements": [
                  {
                    "type": "text",
                    "text": "Sales"
                  }
                ]
              }
            ],
            "style": "bullet",
            "indent": 0,
            "border": 0
          },
          {
            "type": "rich_text_list",
            "elements": [
              {
                "type": "rich_text_section",
                "elements": [
                  {
                    "type": "text",
                    "text": "No change"
                  }
                ]
              }
            ],
            "style": "bullet",
            "indent": 1,
            "border": 0
          },
          {
            "type": "rich_text_section",
            "elements": [
              {
                "type": "text",
                "text": "\n"
              },
              {
                "type": "text",
                "text": "Post Fonteva Launch (March – July)",
                "style": {
                  "bold": true
                }
              },
              {
                "type": "text",
                "text": "\n"
              }
            ]
          },
          {
            "type": "rich_text_list",
            "elements": [
              {
                "type": "rich_text_section",
                "elements": [
                  {
                    "type": "text",
                    "text": "Clean up and migrate historical Case data"
                  }
                ]
              },
              {
                "type": "rich_text_section",
                "elements": [
                  {
                    "type": "text",
                    "text": "Reconfigure Sales Cloud"
                  }
                ]
              }
            ],
            "style": "bullet",
            "indent": 0,
            "border": 0
          },
          {
            "type": "rich_text_list",
            "elements": [
              {
                "type": "rich_text_section",
                "elements": [
                  {
                    "type": "text",
                    "text": "Re-implement Docusign"
                  }
                ]
              }
            ],
            "style": "bullet",
            "indent": 1,
            "border": 0
          },
          {
            "type": "rich_text_list",
            "elements": [
              {
                "type": "rich_text_section",
                "elements": [
                  {
                    "type": "text",
                    "text": "Clean up and migrate historical Opportunity data, Docusign contracts, etc."
                  }
                ]
              }
            ],
            "style": "bullet",
            "indent": 0,
            "border": 0
          },
          {
            "type": "rich_text_section",
            "elements": []
          }
        ]
      }
    ]
  },
  {
    "user": "U02JFCNHKHB",
    "type": "message",
    "ts": "1769698794.889329",
    "client_msg_id": "e0e44ea8-ae44-4628-b2b5-189c4d161662",
    "text": "We are working with Fonteva right now to get the new instance stood up by the 31st at the latest. FYI",
    "team": "T355R0RT3",
    "blocks": [
      {
        "type": "rich_text",
        "block_id": "yhYGu",
        "elements": [
          {
            "type": "rich_text_section",
            "elements": [
              {
                "type": "text",
                "text": "We are working with Fonteva right now to get the new instance stood up by the 31st at the latest. FYI"
              }
            ]
          }
        ]
      }
    ],
    "reactions": [
      {
        "name": "+1",
        "users": [
          "UM3V8V1NK"
        ],
        "count": 1
      }
    ]
  }
]