[
  {
    "user": "U06LZMW3466",
    "type": "message",
    "ts": "1770199889.574699",
    "client_msg_id": "e6af00f7-1139-47f1-8399-bb793a43d666",
    "text": "<@U37KPJ30D> Please find <https://docs.google.com/spreadsheets/d/11SZsYLkzFxWEHmQjW85Hq8qKgIGKZACZbt3SocYmmHQ/edit?gid=1982355469#gid=1982355469|document> that has analysis of current prod instance of Case object and its case configuration related to LiveChatNow. Could you please review the sheet and suggest any further  information required.",
    "team": "T355R0RT3",
    "blocks": [
      {
        "type": "rich_text",
        "block_id": "RQNJ/",
        "elements": [
          {
            "type": "rich_text_section",
            "elements": [
              {
                "type": "user",
                "user_id": "U37KPJ30D"
              },
              {
                "type": "text",
                "text": " Please find "
              },
              {
                "type": "link",
                "url": "https://docs.google.com/spreadsheets/d/11SZsYLkzFxWEHmQjW85Hq8qKgIGKZACZbt3SocYmmHQ/edit?gid=1982355469#gid=1982355469",
                "text": "document"
              },
              {
                "type": "text",
                "text": " that has analysis of current prod instance of Case object and its case configuration related to LiveChatNow. Could you please review the sheet and suggest any further  information required."
              }
            ]
          }
        ]
      }
    ]
  },
  {
    "user": "U06LZMW3466",
    "type": "message",
    "ts": "1770214827.180829",
    "edited": {
      "user": "U06LZMW3466",
      "ts": "1770286251.000000"
    },
    "client_msg_id": "d3d7e6a0-b324-4715-8299-94e3ef09fba6",
    "text": "<@U37KPJ30D> Also found that when livehelpnow creates a Case, it is identified by *Case Origin = Chat* and *Type = Question*. livehelpnow only populates the basic Case fields such as *Subject, Description, SuppliedName, and SuppliedEmail*.\nAfter the Case is created, Salesforce triggers the *“Case Created Add Contact”* Flow, which invokes the Apex class *CreateContactForCaseHelper*. This Apex class creates a new Contact using the visitor’s name and email, associates it with the Account named *“ARA Customer Care,”* and then updates the Case to link both the Contact and the Account.\n\nAdditionally,  identified a few users who have permission sets assigned, and this has been updated in the sheet.",
    "team": "T355R0RT3",
    "blocks": [
      {
        "type": "rich_text",
        "block_id": "hdK6+",
        "elements": [
          {
            "type": "rich_text_section",
            "elements": [
              {
                "type": "user",
                "user_id": "U37KPJ30D"
              },
              {
                "type": "text",
                "text": " Also found that when livehelpnow creates a Case, it is identified by "
              },
              {
                "type": "text",
                "text": "Case Origin = Chat",
                "style": {
                  "bold": true
                }
              },
              {
                "type": "text",
                "text": " and "
              },
              {
                "type": "text",
                "text": "Type = Question",
                "style": {
                  "bold": true
                }
              },
              {
                "type": "text",
                "text": ". livehelpnow only populates the basic Case fields such as "
              },
              {
                "type": "text",
                "text": "Subject, Description, SuppliedName, and SuppliedEmail",
                "style": {
                  "bold": true
                }
              },
              {
                "type": "text",
                "text": ".\nAfter the Case is created, Salesforce triggers the "
              },
              {
                "type": "text",
                "text": "“Case Created Add Contact”",
                "style": {
                  "bold": true
                }
              },
              {
                "type": "text",
                "text": " Flow, which invokes the Apex class "
              },
              {
                "type": "text",
                "text": "CreateContactForCaseHelper",
                "style": {
                  "bold": true
                }
              },
              {
                "type": "text",
                "text": ". This Apex class creates a new Contact using the visitor’s name and email, associates it with the Account named "
              },
              {
                "type": "text",
                "text": "“ARA Customer Care,”",
                "style": {
                  "bold": true
                }
              },
              {
                "type": "text",
                "text": " and then updates the Case to link both the Contact and the Account.\n\nAdditionally,  identified a few users who have permission sets assigned, and this has been updated in the sheet."
              }
            ]
          }
        ]
      }
    ]
  },
  {
    "user": "U02JFCNHKHB",
    "type": "message",
    "ts": "1770226863.415909",
    "client_msg_id": "7f135ab8-a3da-4f12-9633-5229311b5f20",
    "text": "EXTERNAL EMAIL] This email was received from outside of the organization. Please be cautious opening links and report anything suspicious to the IT helpdesk.\n\nDear Sandbox admin,\n\nYour new sandbox \"full\" is ready for use. Click <https://data-drive-3448--full.sandbox.my.salesforce.com/?un=dbailey%40usaretirement.org.new.full|https://data-drive-3448--full.sandbox.my.salesforce.com/?un=dbailey%40usaretirement.org.new.full> to log in now.\n\nUsers who were granted access to the sandbox can log in from <https://data-drive-3448--full.sandbox.my.salesforce.com/|https://data-drive-3448--full.sandbox.my.salesforce.com/> by appending \".full\" to their Salesforce user logins. For example, if your login in your production account is user@company.domain, then your login for this sandbox is user@company.domain.full.\n\nAll active users of the source org have access to the sandbox, unless you used the Selective Sandbox Access feature. To keep sandboxes secure, any user that does not login within the first 60 days is automatically frozen. You can provide access to frozen users in the sandbox by unfreezing their user accounts. See Salesforce Help: \"Freeze or Unfreeze User Accounts\" for instructions.\n\nTo be proactively notified of incidents or maintenance impacting USA792S, subscribe to Trust Notifications. Subscription instructions here: <https://trust.salesforce.com/en/trust/trust-notification-user-guide/|https://trust.salesforce.com/en/trust/trust-notification-user-guide/>. If you are already signed up for Trust Notifications, you will need to update your subscription settings to receive notifications regarding the USA792S instance.\n\nThank you,\n\nSalesforce",
    "team": "T355R0RT3",
    "attachments": [
      {
        "from_url": "https://data-drive-3448--full.sandbox.my.salesforce.com/?un=dbailey%40usaretirement.org.new.full",
        "service_icon": "https://data-drive-3448--full.sandbox.my.salesforce.com/favicon.ico",
        "id": 1,
        "original_url": "https://data-drive-3448--full.sandbox.my.salesforce.com/?un=dbailey%40usaretirement.org.new.full",
        "fallback": "Login | Salesforce",
        "text": "Salesforce Customer Secure Login Page. Login to your Salesforce Customer Account.",
        "title": "Login | Salesforce",
        "title_link": "https://data-drive-3448--full.sandbox.my.salesforce.com/?un=dbailey%40usaretirement.org.new.full",
        "service_name": "data-drive-3448--full.sandbox.my.salesforce.com"
      },
      {
        "from_url": "https://data-drive-3448--full.sandbox.my.salesforce.com/",
        "service_icon": "https://data-drive-3448--full.sandbox.my.salesforce.com/favicon.ico",
        "id": 2,
        "original_url": "https://data-drive-3448--full.sandbox.my.salesforce.com/",
        "fallback": "Login | Salesforce",
        "text": "Salesforce Customer Secure Login Page. Login to your Salesforce Customer Account.",
        "title": "Login | Salesforce",
        "title_link": "https://data-drive-3448--full.sandbox.my.salesforce.com/",
        "service_name": "data-drive-3448--full.sandbox.my.salesforce.com"
      }
    ],
    "blocks": [
      {
        "type": "rich_text",
        "block_id": "vc2VU",
        "elements": [
          {
            "type": "rich_text_section",
            "elements": [
              {
                "type": "text",
                "text": "EXTERNAL EMAIL] This email was received from outside of the organization. Please be cautious opening links and report anything suspicious to the IT helpdesk.\n\nDear Sandbox admin,\n\nYour new sandbox \"full\" is ready for use. Click "
              },
              {
                "type": "link",
                "url": "https://data-drive-3448--full.sandbox.my.salesforce.com/?un=dbailey%40usaretirement.org.new.full",
                "text": "https://data-drive-3448--full.sandbox.my.salesforce.com/?un=dbailey%40usaretirement.org.new.full"
              },
              {
                "type": "text",
                "text": " to log in now.\n\nUsers who were granted access to the sandbox can log in from "
              },
              {
                "type": "link",
                "url": "https://data-drive-3448--full.sandbox.my.salesforce.com/",
                "text": "https://data-drive-3448--full.sandbox.my.salesforce.com/"
              },
              {
                "type": "text",
                "text": " by appending \".full\" to their Salesforce user logins. For example, if your login in your production account is user@company.domain, then your login for this sandbox is user@company.domain.full.\n\nAll active users of the source org have access to the sandbox, unless you used the Selective Sandbox Access feature. To keep sandboxes secure, any user that does not login within the first 60 days is automatically frozen. You can provide access to frozen users in the sandbox by unfreezing their user accounts. See Salesforce Help: \"Freeze or Unfreeze User Accounts\" for instructions.\n\nTo be proactively notified of incidents or maintenance impacting USA792S, subscribe to Trust Notifications. Subscription instructions here: "
              },
              {
                "type": "link",
                "url": "https://trust.salesforce.com/en/trust/trust-notification-user-guide/",
                "text": "https://trust.salesforce.com/en/trust/trust-notification-user-guide/"
              },
              {
                "type": "text",
                "text": ". If you are already signed up for Trust Notifications, you will need to update your subscription settings to receive notifications regarding the USA792S instance.\n\nThank you,\n\nSalesforce"
              }
            ]
          }
        ]
      }
    ]
  },
  {
    "user": "U02JFCNHKHB",
    "type": "message",
    "ts": "1770226897.467069",
    "client_msg_id": "5d87fa97-3c2d-4498-b68b-3818edc073e6",
    "text": "<!channel> Confirm access asap",
    "team": "T355R0RT3",
    "blocks": [
      {
        "type": "rich_text",
        "block_id": "TrtnR",
        "elements": [
          {
            "type": "rich_text_section",
            "elements": [
              {
                "type": "broadcast",
                "range": "channel"
              },
              {
                "type": "text",
                "text": " Confirm access asap"
              }
            ]
          }
        ]
      }
    ]
  },
  {
    "user": "U02JFCNHKHB",
    "type": "message",
    "ts": "1770227061.019489",
    "client_msg_id": "947a3a91-1dc2-49d0-a0f8-329a89e2a927",
    "text": "Fonteva is working directly in the new prod instance. So, we shouldn't be crossing paths with them.",
    "team": "T355R0RT3",
    "blocks": [
      {
        "type": "rich_text",
        "block_id": "jG8TE",
        "elements": [
          {
            "type": "rich_text_section",
            "elements": [
              {
                "type": "text",
                "text": "Fonteva is working directly in the new prod instance. So, we shouldn't be crossing paths with them."
              }
            ]
          }
        ]
      }
    ]
  },
  {
    "user": "U02JFCNHKHB",
    "type": "message",
    "ts": "1770227097.617759",
    "client_msg_id": "b9352a48-e922-410d-895f-3d5a4af49119",
    "text": "Keep in mind that they have programmed to send some message types to specific queues, like errors.",
    "team": "T355R0RT3",
    "blocks": [
      {
        "type": "rich_text",
        "block_id": "yYAOR",
        "elements": [
          {
            "type": "rich_text_section",
            "elements": [
              {
                "type": "text",
                "text": "Keep in mind that they have programmed to send some message types to specific queues, like errors."
              }
            ]
          }
        ]
      }
    ]
  },
  {
    "user": "U02JFCNHKHB",
    "type": "message",
    "ts": "1770227148.600139",
    "client_msg_id": "be3b6b6b-8f20-4662-a4da-bd4d4483808a",
    "text": "Our goal is to get LiveChatNow working correctly first in this dev environment. Then we can start thinking about incorporating other parts, including anything Fonteva has done in prod",
    "team": "T355R0RT3",
    "blocks": [
      {
        "type": "rich_text",
        "block_id": "mR5lx",
        "elements": [
          {
            "type": "rich_text_section",
            "elements": [
              {
                "type": "text",
                "text": "Our goal is to get LiveChatNow working correctly first in this dev environment. Then we can start thinking about incorporating other parts, including anything Fonteva has done in prod"
              }
            ]
          }
        ]
      }
    ]
  },
  {
    "text": "",
    "files": [
      {
        "id": "F0ACYGBDNUW",
        "created": 1770229434,
        "timestamp": 1770229434,
        "name": "Screenshot 2026-02-04 at 11.53.39 PM.png",
        "title": "Screenshot 2026-02-04 at 11.53.39 PM.png",
        "mimetype": "image/png",
        "filetype": "png",
        "pretty_type": "PNG",
        "user": "UM3V8V1NK",
        "user_team": "T355R0RT3",
        "editable": false,
        "size": 132730,
        "mode": "hosted",
        "is_external": false,
        "external_type": "",
        "is_public": false,
        "public_url_shared": false,
        "display_as_bot": false,
        "username": "",
        "url_private": "https://files.slack.com/files-pri/T355R0RT3-F0ACYGBDNUW/screenshot_2026-02-04_at_11.53.39___pm.png",
        "url_private_download": "https://files.slack.com/files-pri/T355R0RT3-F0ACYGBDNUW/download/screenshot_2026-02-04_at_11.53.39___pm.png",
        "media_display_type": "unknown",
        "thumb_64": "https://files.slack.com/files-tmb/T355R0RT3-F0ACYGBDNUW-bc5d1a75ee/screenshot_2026-02-04_at_11.53.39___pm_64.png",
        "thumb_80": "https://files.slack.com/files-tmb/T355R0RT3-F0ACYGBDNUW-bc5d1a75ee/screenshot_2026-02-04_at_11.53.39___pm_80.png",
        "thumb_360": "https://files.slack.com/files-tmb/T355R0RT3-F0ACYGBDNUW-bc5d1a75ee/screenshot_2026-02-04_at_11.53.39___pm_360.png",
        "thumb_360_w": 328,
        "thumb_360_h": 360,
        "thumb_480": "https://files.slack.com/files-tmb/T355R0RT3-F0ACYGBDNUW-bc5d1a75ee/screenshot_2026-02-04_at_11.53.39___pm_480.png",
        "thumb_480_w": 438,
        "thumb_480_h": 480,
        "thumb_160": "https://files.slack.com/files-tmb/T355R0RT3-F0ACYGBDNUW-bc5d1a75ee/screenshot_2026-02-04_at_11.53.39___pm_160.png",
        "thumb_720": "https://files.slack.com/files-tmb/T355R0RT3-F0ACYGBDNUW-bc5d1a75ee/screenshot_2026-02-04_at_11.53.39___pm_720.png",
        "thumb_720_w": 656,
        "thumb_720_h": 720,
        "thumb_800": "https://files.slack.com/files-tmb/T355R0RT3-F0ACYGBDNUW-bc5d1a75ee/screenshot_2026-02-04_at_11.53.39___pm_800.png",
        "thumb_800_w": 800,
        "thumb_800_h": 878,
        "thumb_960": "https://files.slack.com/files-tmb/T355R0RT3-F0ACYGBDNUW-bc5d1a75ee/screenshot_2026-02-04_at_11.53.39___pm_960.png",
        "thumb_960_w": 875,
        "thumb_960_h": 960,
        "thumb_1024": "https://files.slack.com/files-tmb/T355R0RT3-F0ACYGBDNUW-bc5d1a75ee/screenshot_2026-02-04_at_11.53.39___pm_1024.png",
        "thumb_1024_w": 933,
        "thumb_1024_h": 1024,
        "original_w": 1422,
        "original_h": 1560,
        "thumb_tiny": "AwAwACzSzRRRQAUVBMX38B8dtp61JFv2/P8AqadhX1H0UUUhhRnGOCf6UUjMqj5nC59TQA6imebH/wA9E/OjzY/+eifnTsA40UZzgjkUUgCo5Y1kA3DJHTgn+VSUUwIo4EA6HPsSP60pt4mOSpJ9SxqSii7FZAAFAA6AYFFFFIZ//9k=",
        "permalink": "https://devpixeled.slack.com/files/UM3V8V1NK/F0ACYGBDNUW/screenshot_2026-02-04_at_11.53.39___pm.png",
        "permalink_public": "https://slack-files.com/T355R0RT3-F0ACYGBDNUW-fa117c1d5d",
        "is_starred": false,
        "skipped_shares": true,
        "has_rich_preview": false,
        "file_access": "visible"
      }
    ],
    "upload": false,
    "user": "UM3V8V1NK",
    "display_as_bot": false,
    "type": "message",
    "ts": "1770229463.942429",
    "client_msg_id": "ec721bd2-0d4b-4455-a207-4938864532ad"
  },
  {
    "user": "U02JFCNHKHB",
    "type": "message",
    "ts": "1770229800.386259",
    "client_msg_id": "469257a0-dd8c-4e22-84f7-8746d74e2289",
    "text": "The prod password didn't work?",
    "team": "T355R0RT3",
    "blocks": [
      {
        "type": "rich_text",
        "block_id": "SbV+K",
        "elements": [
          {
            "type": "rich_text_section",
            "elements": [
              {
                "type": "text",
                "text": "The prod password didn't work?"
              }
            ]
          }
        ]
      }
    ]
  },
  {
    "user": "UM3V8V1NK",
    "type": "message",
    "ts": "1770229961.054189",
    "client_msg_id": "c9dc6ce1-cc2d-49ee-aabf-6391097820b8",
    "text": "No Aris.",
    "team": "T355R0RT3",
    "blocks": [
      {
        "type": "rich_text",
        "block_id": "ZvOvM",
        "elements": [
          {
            "type": "rich_text_section",
            "elements": [
              {
                "type": "text",
                "text": "No Aris."
              }
            ]
          }
        ]
      }
    ]
  },
  {
    "user": "UM3V8V1NK",
    "type": "message",
    "ts": "1770229982.506239",
    "client_msg_id": "8f09583e-cea8-40a8-ab3c-c617b18528eb",
    "text": "Let me try resetting the password.",
    "team": "T355R0RT3",
    "blocks": [
      {
        "type": "rich_text",
        "block_id": "ynMPw",
        "elements": [
          {
            "type": "rich_text_section",
            "elements": [
              {
                "type": "text",
                "text": "Let me try resetting the password."
              }
            ]
          }
        ]
      }
    ]
  },
  {
    "user": "U02JFCNHKHB",
    "type": "message",
    "ts": "1770230091.540759",
    "client_msg_id": "611ec9a7-931a-4dcc-965b-cbe21e9ab22b",
    "text": "Remove the new and try prod password again",
    "team": "T355R0RT3",
    "blocks": [
      {
        "type": "rich_text",
        "block_id": "HH6LO",
        "elements": [
          {
            "type": "rich_text_section",
            "elements": [
              {
                "type": "text",
                "text": "Remove the new and try prod password again"
              }
            ]
          }
        ]
      }
    ]
  },
  {
    "user": "UM3V8V1NK",
    "type": "message",
    "ts": "1770230426.321509",
    "edited": {
      "user": "UM3V8V1NK",
      "ts": "1770230458.000000"
    },
    "client_msg_id": "eb99ce95-f296-4650-9c6f-1d5980b2102f",
    "text": "Can you have Darren reset the password for <mailto:ara-team-2@devpixel.com|ara-team-2@devpixel.com>\nI tried with usernames:\n• ara-team-2@devpixel.com.new\n• ara-team-2@devpixel.com.new.full\n• <mailto:ara-team-2@devpixel.com|ara-team-2@devpixel.com>.full",
    "team": "T355R0RT3",
    "blocks": [
      {
        "type": "rich_text",
        "block_id": "HGVKX",
        "elements": [
          {
            "type": "rich_text_section",
            "elements": [
              {
                "type": "text",
                "text": "Can you have Darren reset the password for "
              },
              {
                "type": "link",
                "url": "mailto:ara-team-2@devpixel.com",
                "text": "ara-team-2@devpixel.com"
              },
              {
                "type": "text",
                "text": "\nI tried with usernames:\n"
              }
            ]
          },
          {
            "type": "rich_text_list",
            "elements": [
              {
                "type": "rich_text_section",
                "elements": [
                  {
                    "type": "text",
                    "text": "ara-team-2@devpixel.com.new"
                  }
                ]
              },
              {
                "type": "rich_text_section",
                "elements": [
                  {
                    "type": "text",
                    "text": "ara-team-2@devpixel.com.new.full"
                  }
                ]
              },
              {
                "type": "rich_text_section",
                "elements": [
                  {
                    "type": "link",
                    "url": "mailto:ara-team-2@devpixel.com",
                    "text": "ara-team-2@devpixel.com"
                  },
                  {
                    "type": "text",
                    "text": ".full"
                  }
                ]
              }
            ],
            "style": "bullet",
            "indent": 0,
            "border": 0
          }
        ]
      }
    ]
  },
  {
    "user": "U02JFCNHKHB",
    "type": "message",
    "ts": "1770230641.494569",
    "client_msg_id": "efb56c1d-bfff-41f4-8804-45cb969698b7",
    "text": ":+1:",
    "team": "T355R0RT3",
    "blocks": [
      {
        "type": "rich_text",
        "block_id": "/JrCR",
        "elements": [
          {
            "type": "rich_text_section",
            "elements": [
              {
                "type": "emoji",
                "name": "+1",
                "unicode": "1f44d"
              }
            ]
          }
        ]
      }
    ]
  }
]