[
  {
    "user": "UM3V8V1NK",
    "type": "message",
    "ts": "1769765338.055939",
    "client_msg_id": "64b939fe-53aa-4aba-b9b8-bd6d8266f071",
    "text": "Once the new instance is setup on 31st (We will need access to it), what is the plan?",
    "team": "T355R0RT3",
    "blocks": [
      {
        "type": "rich_text",
        "block_id": "w+ARE",
        "elements": [
          {
            "type": "rich_text_section",
            "elements": [
              {
                "type": "text",
                "text": "Once the new instance is setup on 31st (We will need access to it), what is the plan?"
              }
            ]
          }
        ]
      }
    ]
  },
  {
    "user": "U02JFCNHKHB",
    "type": "message",
    "ts": "1769772410.354359",
    "client_msg_id": "f0dc6dd1-a83f-4761-b029-1c60a9117ce2",
    "text": "Still being discussed",
    "team": "T355R0RT3",
    "blocks": [
      {
        "type": "rich_text",
        "block_id": "pXQeH",
        "elements": [
          {
            "type": "rich_text_section",
            "elements": [
              {
                "type": "text",
                "text": "Still being discussed"
              }
            ]
          }
        ]
      }
    ]
  }
]