[
  {
    "user": "U02JFCNHKHB",
    "type": "message",
    "ts": "1769966704.525969",
    "client_msg_id": "4c6f4dc3-f580-498e-ac67-fd50535900df",
    "text": "Move only LiveChatNow, so the integration works. We are discussing what else should be moved, because it seems like nothing is actually working. The cases created by this bot are not being linked to contacts or accounts, and i think nothing else is being done on those cases either.",
    "team": "T355R0RT3",
    "blocks": [
      {
        "type": "rich_text",
        "block_id": "MhNkN",
        "elements": [
          {
            "type": "rich_text_section",
            "elements": [
              {
                "type": "text",
                "text": "Move only LiveChatNow, so the integration works. We are discussing what else should be moved, because it seems like nothing is actually working. The cases created by this bot are not being linked to contacts or accounts, and i think nothing else is being done on those cases either."
              }
            ]
          }
        ]
      }
    ]
  },
  {
    "user": "U02JFCNHKHB",
    "type": "message",
    "ts": "1769966753.227749",
    "client_msg_id": "6387f6a5-6a9d-4425-8b48-7bff9ec8e303",
    "text": "I don't have the entry point. It will need to be redirected from the live environment, once we are done. So, you can't rely on running tests to see if everything is moved over correctly.",
    "team": "T355R0RT3",
    "blocks": [
      {
        "type": "rich_text",
        "block_id": "fP0Mm",
        "elements": [
          {
            "type": "rich_text_section",
            "elements": [
              {
                "type": "text",
                "text": "I don't have the entry point. It will need to be redirected from the live environment, once we are done. So, you can't rely on running tests to see if everything is moved over correctly."
              }
            ]
          }
        ]
      }
    ]
  },
  {
    "user": "U02JFCNHKHB",
    "type": "message",
    "ts": "1769966762.578529",
    "client_msg_id": "dc7ccdb8-1de9-477a-b223-052c173c5f30",
    "text": "At least not at first",
    "team": "T355R0RT3",
    "blocks": [
      {
        "type": "rich_text",
        "block_id": "gseT8",
        "elements": [
          {
            "type": "rich_text_section",
            "elements": [
              {
                "type": "text",
                "text": "At least not at first"
              }
            ]
          }
        ]
      }
    ]
  },
  {
    "user": "U37KPJ30D",
    "type": "message",
    "ts": "1769967072.820449",
    "client_msg_id": "f7ba15bc-3699-4fa1-b358-99923926fac0",
    "text": "Got it, that makes sense. We'll narrow the scope to only what's required to make the LiveChatNow integration function in the new org.",
    "team": "T355R0RT3",
    "blocks": [
      {
        "type": "rich_text",
        "block_id": "WD3yL",
        "elements": [
          {
            "type": "rich_text_section",
            "elements": [
              {
                "type": "text",
                "text": "Got it, that makes sense. We'll narrow the scope to only what's required to make the LiveChatNow integration function in the new org."
              }
            ]
          }
        ]
      }
    ]
  },
  {
    "user": "U37KPJ30D",
    "type": "message",
    "ts": "1769967098.884879",
    "client_msg_id": "25cd09a8-fade-4523-96d3-2fd0e3ea4da8",
    "text": "We'll document and move the minimum Salesforce-side configuration needed for LiveChatNow to create and update cases, without assuming any surrounding Case functionality is active or required.",
    "team": "T355R0RT3",
    "blocks": [
      {
        "type": "rich_text",
        "block_id": "xUToc",
        "elements": [
          {
            "type": "rich_text_section",
            "elements": [
              {
                "type": "text",
                "text": "We'll document and move the minimum Salesforce-side configuration needed for LiveChatNow to create and update cases, without assuming any surrounding Case functionality is active or required."
              }
            ]
          }
        ]
      }
    ]
  },
  {
    "user": "U02JFCNHKHB",
    "type": "message",
    "ts": "1769967273.133819",
    "client_msg_id": "62e8fc56-7635-4540-b405-11c911e5e1dc",
    "text": "Yeah. And I'll update as I find out more. It seems like they have massive configuration issues that they want us fixing. So, we will likely spending more of the month fixing those than working on this chat bot",
    "team": "T355R0RT3",
    "blocks": [
      {
        "type": "rich_text",
        "block_id": "ebeFl",
        "elements": [
          {
            "type": "rich_text_section",
            "elements": [
              {
                "type": "text",
                "text": "Yeah. And I'll update as I find out more. It seems like they have massive configuration issues that they want us fixing. So, we will likely spending more of the month fixing those than working on this chat bot"
              }
            ]
          }
        ]
      }
    ],
    "reactions": [
      {
        "name": "+1",
        "users": [
          "U37KPJ30D",
          "UM3V8V1NK"
        ],
        "count": 2
      }
    ]
  },
  {
    "user": "U37KPJ30D",
    "type": "message",
    "ts": "1769968126.975429",
    "client_msg_id": "1e3dce38-3b2f-4d1e-8beb-a557ce4c2bb9",
    "text": "Immediate scope:\n• LiveChatNow integration user\n• API access &amp; endpoints\n• Case object (bare minimum fields used by LiveChatNow)\n• Any hard dependency required for case insert/update\nExplicitly out of scope for now:\n• Contact / Account linkage\n• Screen Flows\n• Omni-Channel\n• Email-to-Case\n• Business process improvements\nThose become post-cutover evaluation items, not migration blockers.",
    "team": "T355R0RT3",
    "blocks": [
      {
        "type": "rich_text",
        "block_id": "v/HeZ",
        "elements": [
          {
            "type": "rich_text_section",
            "elements": [
              {
                "type": "text",
                "text": "Immediate scope:\n"
              }
            ]
          },
          {
            "type": "rich_text_list",
            "elements": [
              {
                "type": "rich_text_section",
                "elements": [
                  {
                    "type": "text",
                    "text": "LiveChatNow integration user"
                  }
                ]
              },
              {
                "type": "rich_text_section",
                "elements": [
                  {
                    "type": "text",
                    "text": "API access & endpoints"
                  }
                ]
              },
              {
                "type": "rich_text_section",
                "elements": [
                  {
                    "type": "text",
                    "text": "Case object (bare minimum fields used by LiveChatNow)"
                  }
                ]
              },
              {
                "type": "rich_text_section",
                "elements": [
                  {
                    "type": "text",
                    "text": "Any hard dependency required for case insert/update"
                  }
                ]
              }
            ],
            "style": "bullet",
            "indent": 0,
            "border": 0
          },
          {
            "type": "rich_text_section",
            "elements": [
              {
                "type": "text",
                "text": "\nExplicitly out of scope for now:\n"
              }
            ]
          },
          {
            "type": "rich_text_list",
            "elements": [
              {
                "type": "rich_text_section",
                "elements": [
                  {
                    "type": "text",
                    "text": "Contact / Account linkage"
                  }
                ]
              },
              {
                "type": "rich_text_section",
                "elements": [
                  {
                    "type": "text",
                    "text": "Screen Flows"
                  }
                ]
              },
              {
                "type": "rich_text_section",
                "elements": [
                  {
                    "type": "text",
                    "text": "Omni-Channel"
                  }
                ]
              },
              {
                "type": "rich_text_section",
                "elements": [
                  {
                    "type": "text",
                    "text": "Email-to-Case"
                  }
                ]
              },
              {
                "type": "rich_text_section",
                "elements": [
                  {
                    "type": "text",
                    "text": "Business process improvements"
                  }
                ]
              }
            ],
            "style": "bullet",
            "indent": 0,
            "border": 0
          },
          {
            "type": "rich_text_section",
            "elements": [
              {
                "type": "text",
                "text": "\nThose become post-cutover evaluation items, not migration blockers."
              }
            ]
          }
        ]
      }
    ]
  }
]