[
  {
    "user": "U02JFCNHKHB",
    "type": "message",
    "ts": "1770111478.070189",
    "client_msg_id": "df0a5a1e-09ad-48c8-9f77-3c18d1a8e55c",
    "text": "Everything has been created. Once Darren wakes up, he needs to confirm a few sandbox things with Fonteva. Then, team 2 should be getting the access emails.",
    "team": "T355R0RT3",
    "blocks": [
      {
        "type": "rich_text",
        "block_id": "8HkPy",
        "elements": [
          {
            "type": "rich_text_section",
            "elements": [
              {
                "type": "text",
                "text": "Everything has been created. Once Darren wakes up, he needs to confirm a few sandbox things with Fonteva. Then, team 2 should be getting the access emails."
              }
            ]
          }
        ]
      }
    ],
    "reactions": [
      {
        "name": "+1",
        "users": [
          "U37KPJ30D",
          "UM3V8V1NK"
        ],
        "count": 2
      }
    ]
  },
  {
    "user": "UM3V8V1NK",
    "type": "message",
    "ts": "1770112411.782659",
    "client_msg_id": "f223b96b-ca19-48f7-8866-f51ae672ccf5",
    "text": "Will watch out for them.",
    "team": "T355R0RT3",
    "blocks": [
      {
        "type": "rich_text",
        "block_id": "FhLiv",
        "elements": [
          {
            "type": "rich_text_section",
            "elements": [
              {
                "type": "text",
                "text": "Will watch out for them."
              }
            ]
          }
        ]
      }
    ]
  },
  {
    "user": "U37KPJ30D",
    "type": "message",
    "ts": "1770113364.674339",
    "client_msg_id": "20f820b8-6e5e-47d8-91df-dd300f18fdfe",
    "text": "<@U02JFCNHKHB> Should the Contact linking via email apply only to cases created by LiveChatNow, or should this behavior be generic across all Case intake channels (Email, Phone, Web, etc.) as well?",
    "team": "T355R0RT3",
    "blocks": [
      {
        "type": "rich_text",
        "block_id": "tccUp",
        "elements": [
          {
            "type": "rich_text_section",
            "elements": [
              {
                "type": "user",
                "user_id": "U02JFCNHKHB"
              },
              {
                "type": "text",
                "text": " Should the Contact linking via email apply only to cases created by LiveChatNow, or should this behavior be generic across all Case intake channels (Email, Phone, Web, etc.) as well?"
              }
            ]
          }
        ]
      }
    ]
  },
  {
    "user": "U37KPJ30D",
    "type": "message",
    "ts": "1770113386.640359",
    "client_msg_id": "f694ddb6-fe22-4c8d-a39f-6be69ebbe736",
    "text": "From an effort perspective, this is not a significant lift either way, we mainly want to ensure we're aligned with the intended business behavior and expectations before implementing.",
    "team": "T355R0RT3",
    "blocks": [
      {
        "type": "rich_text",
        "block_id": "MQvKP",
        "elements": [
          {
            "type": "rich_text_section",
            "elements": [
              {
                "type": "text",
                "text": "From an effort perspective, this is not a significant lift either way, we mainly want to ensure we're aligned with the intended business behavior and expectations before implementing."
              }
            ]
          }
        ]
      }
    ]
  },
  {
    "user": "U02JFCNHKHB",
    "type": "message",
    "ts": "1770113406.009649",
    "client_msg_id": "69b21229-8c09-4c12-b7c9-e1065f029664",
    "text": "In all scenarios",
    "team": "T355R0RT3",
    "blocks": [
      {
        "type": "rich_text",
        "block_id": "KrdZ4",
        "elements": [
          {
            "type": "rich_text_section",
            "elements": [
              {
                "type": "text",
                "text": "In all scenarios"
              }
            ]
          }
        ]
      }
    ],
    "reactions": [
      {
        "name": "+1",
        "users": [
          "U37KPJ30D"
        ],
        "count": 1
      }
    ]
  },
  {
    "user": "U02JFCNHKHB",
    "type": "message",
    "ts": "1770113417.988649",
    "client_msg_id": "de846b17-c2ae-4dd7-be31-a3e42cbb70b9",
    "text": "Email address serves as the ID",
    "team": "T355R0RT3",
    "blocks": [
      {
        "type": "rich_text",
        "block_id": "pxWjb",
        "elements": [
          {
            "type": "rich_text_section",
            "elements": [
              {
                "type": "text",
                "text": "Email address serves as the ID"
              }
            ]
          }
        ]
      }
    ]
  },
  {
    "text": "I am in.",
    "files": [
      {
        "id": "F0ACJF7Q6N9",
        "created": 1770113685,
        "timestamp": 1770113685,
        "name": "Screenshot 2026-02-03 at 3.44.38 PM.png",
        "title": "Screenshot 2026-02-03 at 3.44.38 PM.png",
        "mimetype": "image/png",
        "filetype": "png",
        "pretty_type": "PNG",
        "user": "UM3V8V1NK",
        "user_team": "T355R0RT3",
        "editable": false,
        "size": 226482,
        "mode": "hosted",
        "is_external": false,
        "external_type": "",
        "is_public": false,
        "public_url_shared": false,
        "display_as_bot": false,
        "username": "",
        "url_private": "https://files.slack.com/files-pri/T355R0RT3-F0ACJF7Q6N9/screenshot_2026-02-03_at_3.44.38___pm.png",
        "url_private_download": "https://files.slack.com/files-pri/T355R0RT3-F0ACJF7Q6N9/download/screenshot_2026-02-03_at_3.44.38___pm.png",
        "media_display_type": "unknown",
        "thumb_64": "https://files.slack.com/files-tmb/T355R0RT3-F0ACJF7Q6N9-3b25c0e4e8/screenshot_2026-02-03_at_3.44.38___pm_64.png",
        "thumb_80": "https://files.slack.com/files-tmb/T355R0RT3-F0ACJF7Q6N9-3b25c0e4e8/screenshot_2026-02-03_at_3.44.38___pm_80.png",
        "thumb_360": "https://files.slack.com/files-tmb/T355R0RT3-F0ACJF7Q6N9-3b25c0e4e8/screenshot_2026-02-03_at_3.44.38___pm_360.png",
        "thumb_360_w": 360,
        "thumb_360_h": 210,
        "thumb_480": "https://files.slack.com/files-tmb/T355R0RT3-F0ACJF7Q6N9-3b25c0e4e8/screenshot_2026-02-03_at_3.44.38___pm_480.png",
        "thumb_480_w": 480,
        "thumb_480_h": 280,
        "thumb_160": "https://files.slack.com/files-tmb/T355R0RT3-F0ACJF7Q6N9-3b25c0e4e8/screenshot_2026-02-03_at_3.44.38___pm_160.png",
        "thumb_720": "https://files.slack.com/files-tmb/T355R0RT3-F0ACJF7Q6N9-3b25c0e4e8/screenshot_2026-02-03_at_3.44.38___pm_720.png",
        "thumb_720_w": 720,
        "thumb_720_h": 421,
        "thumb_800": "https://files.slack.com/files-tmb/T355R0RT3-F0ACJF7Q6N9-3b25c0e4e8/screenshot_2026-02-03_at_3.44.38___pm_800.png",
        "thumb_800_w": 800,
        "thumb_800_h": 467,
        "thumb_960": "https://files.slack.com/files-tmb/T355R0RT3-F0ACJF7Q6N9-3b25c0e4e8/screenshot_2026-02-03_at_3.44.38___pm_960.png",
        "thumb_960_w": 960,
        "thumb_960_h": 561,
        "thumb_1024": "https://files.slack.com/files-tmb/T355R0RT3-F0ACJF7Q6N9-3b25c0e4e8/screenshot_2026-02-03_at_3.44.38___pm_1024.png",
        "thumb_1024_w": 1024,
        "thumb_1024_h": 598,
        "original_w": 1722,
        "original_h": 1006,
        "thumb_tiny": "AwAdADDQ3IOpTjp7Uu5cZyMeuacKKAE/Ck3D2/OnUUANyMA8YPTmj5SAcA+lOo7UAN4Ujgncfy4pSAaCquoDKCPcUtACYpAuGJHf1Jp3PrRz60AGBSYwKMe9IVJxhiMHt3oA/9k=",
        "permalink": "https://devpixeled.slack.com/files/UM3V8V1NK/F0ACJF7Q6N9/screenshot_2026-02-03_at_3.44.38___pm.png",
        "permalink_public": "https://slack-files.com/T355R0RT3-F0ACJF7Q6N9-5d6fa53061",
        "is_starred": false,
        "skipped_shares": true,
        "has_rich_preview": false,
        "file_access": "visible"
      }
    ],
    "upload": false,
    "user": "UM3V8V1NK",
    "display_as_bot": false,
    "blocks": [
      {
        "type": "rich_text",
        "block_id": "gS1Ex",
        "elements": [
          {
            "type": "rich_text_section",
            "elements": [
              {
                "type": "text",
                "text": "I am in."
              }
            ]
          }
        ]
      }
    ],
    "type": "message",
    "ts": "1770113691.817299",
    "client_msg_id": "7f17e7eb-a7de-44e3-9e8e-1df4bca60952"
  },
  {
    "user": "U02JFCNHKHB",
    "type": "message",
    "ts": "1770113728.672109",
    "client_msg_id": "ebe4cd14-1749-47e9-ab15-07a58a416d8a",
    "text": "Did you just receive the email now?",
    "team": "T355R0RT3",
    "blocks": [
      {
        "type": "rich_text",
        "block_id": "SioN1",
        "elements": [
          {
            "type": "rich_text_section",
            "elements": [
              {
                "type": "text",
                "text": "Did you just receive the email now?"
              }
            ]
          }
        ]
      }
    ]
  },
  {
    "user": "UM3V8V1NK",
    "type": "message",
    "ts": "1770113901.543939",
    "client_msg_id": "f4fd9ea9-b660-4f2c-9c12-e486957b79c3",
    "text": "No. When you were probably setting it up.\nWas in the middle of something, checked the email, and saw that we had the verification notif from 12 hours ago.",
    "team": "T355R0RT3",
    "blocks": [
      {
        "type": "rich_text",
        "block_id": "Watxm",
        "elements": [
          {
            "type": "rich_text_section",
            "elements": [
              {
                "type": "text",
                "text": "No. When you were probably setting it up.\nWas in the middle of something, checked the email, and saw that we had the verification notif from 12 hours ago."
              }
            ]
          }
        ]
      }
    ]
  },
  {
    "text": "",
    "files": [
      {
        "id": "F0ACRGZ8Z2Q",
        "created": 1770114014,
        "timestamp": 1770114014,
        "name": "Screenshot 2026-02-03 at 3.50.09 PM.png",
        "title": "Screenshot 2026-02-03 at 3.50.09 PM.png",
        "mimetype": "image/png",
        "filetype": "png",
        "pretty_type": "PNG",
        "user": "UM3V8V1NK",
        "user_team": "T355R0RT3",
        "editable": false,
        "size": 118211,
        "mode": "hosted",
        "is_external": false,
        "external_type": "",
        "is_public": false,
        "public_url_shared": false,
        "display_as_bot": false,
        "username": "",
        "url_private": "https://files.slack.com/files-pri/T355R0RT3-F0ACRGZ8Z2Q/screenshot_2026-02-03_at_3.50.09___pm.png",
        "url_private_download": "https://files.slack.com/files-pri/T355R0RT3-F0ACRGZ8Z2Q/download/screenshot_2026-02-03_at_3.50.09___pm.png",
        "media_display_type": "unknown",
        "thumb_64": "https://files.slack.com/files-tmb/T355R0RT3-F0ACRGZ8Z2Q-b622ac12fc/screenshot_2026-02-03_at_3.50.09___pm_64.png",
        "thumb_80": "https://files.slack.com/files-tmb/T355R0RT3-F0ACRGZ8Z2Q-b622ac12fc/screenshot_2026-02-03_at_3.50.09___pm_80.png",
        "thumb_360": "https://files.slack.com/files-tmb/T355R0RT3-F0ACRGZ8Z2Q-b622ac12fc/screenshot_2026-02-03_at_3.50.09___pm_360.png",
        "thumb_360_w": 360,
        "thumb_360_h": 144,
        "thumb_480": "https://files.slack.com/files-tmb/T355R0RT3-F0ACRGZ8Z2Q-b622ac12fc/screenshot_2026-02-03_at_3.50.09___pm_480.png",
        "thumb_480_w": 480,
        "thumb_480_h": 192,
        "thumb_160": "https://files.slack.com/files-tmb/T355R0RT3-F0ACRGZ8Z2Q-b622ac12fc/screenshot_2026-02-03_at_3.50.09___pm_160.png",
        "thumb_720": "https://files.slack.com/files-tmb/T355R0RT3-F0ACRGZ8Z2Q-b622ac12fc/screenshot_2026-02-03_at_3.50.09___pm_720.png",
        "thumb_720_w": 720,
        "thumb_720_h": 289,
        "thumb_800": "https://files.slack.com/files-tmb/T355R0RT3-F0ACRGZ8Z2Q-b622ac12fc/screenshot_2026-02-03_at_3.50.09___pm_800.png",
        "thumb_800_w": 800,
        "thumb_800_h": 321,
        "thumb_960": "https://files.slack.com/files-tmb/T355R0RT3-F0ACRGZ8Z2Q-b622ac12fc/screenshot_2026-02-03_at_3.50.09___pm_960.png",
        "thumb_960_w": 960,
        "thumb_960_h": 385,
        "thumb_1024": "https://files.slack.com/files-tmb/T355R0RT3-F0ACRGZ8Z2Q-b622ac12fc/screenshot_2026-02-03_at_3.50.09___pm_1024.png",
        "thumb_1024_w": 1024,
        "thumb_1024_h": 410,
        "original_w": 1402,
        "original_h": 562,
        "thumb_tiny": "AwAUADDRVFViR1PXmlxR360d+tABijFGKKADFGKMH1owaAGGMGUSZOR27U1oAf4mHG38KlooAjRAqgZY446mpM00U6gAzTBHhtwduvTA/wAKfRQB/9k=",
        "permalink": "https://devpixeled.slack.com/files/UM3V8V1NK/F0ACRGZ8Z2Q/screenshot_2026-02-03_at_3.50.09___pm.png",
        "permalink_public": "https://slack-files.com/T355R0RT3-F0ACRGZ8Z2Q-0a3ffa0a91",
        "is_starred": false,
        "skipped_shares": true,
        "has_rich_preview": false,
        "file_access": "visible"
      }
    ],
    "upload": false,
    "user": "UM3V8V1NK",
    "display_as_bot": false,
    "type": "message",
    "ts": "1770114018.595959",
    "client_msg_id": "63351611-9935-4b1f-aefe-b2e6323eebf0"
  }
]