[
  {
    "user": "U02JFCNHKHB",
    "type": "message",
    "ts": "1767758958.935789",
    "client_msg_id": "a7874c6a-b845-4d37-9cc2-f7cd8f70f2d7",
    "text": "<@U37KPJ30D> Darren granted the necessary permissions and resent the invite for Render. Please check the email.",
    "team": "T355R0RT3",
    "blocks": [
      {
        "type": "rich_text",
        "block_id": "UpKqW",
        "elements": [
          {
            "type": "rich_text_section",
            "elements": [
              {
                "type": "user",
                "user_id": "U37KPJ30D"
              },
              {
                "type": "text",
                "text": " Darren granted the necessary permissions and resent the invite for Render. Please check the email."
              }
            ]
          }
        ]
      }
    ],
    "reactions": [
      {
        "name": "+1",
        "users": [
          "U37KPJ30D"
        ],
        "count": 1
      }
    ]
  },
  {
    "user": "U37KPJ30D",
    "type": "message",
    "ts": "1767765823.441929",
    "client_msg_id": "bd274812-95a8-4550-aeeb-98e6cfaa9ff6",
    "text": "Sure <@U02JFCNHKHB>",
    "team": "T355R0RT3",
    "blocks": [
      {
        "type": "rich_text",
        "block_id": "i3TM4",
        "elements": [
          {
            "type": "rich_text_section",
            "elements": [
              {
                "type": "text",
                "text": "Sure "
              },
              {
                "type": "user",
                "user_id": "U02JFCNHKHB"
              }
            ]
          }
        ]
      }
    ]
  },
  {
    "user": "U37KPJ30D",
    "type": "message",
    "ts": "1767779772.673969",
    "client_msg_id": "c2ea121d-9029-417a-84a6-e88075124f23",
    "text": "<@U02JFCNHKHB> We’ve checked the Render access after Darren resent the invite. Access is working as expected and were able to complete a small deployment successfully on a 1 CPU instance.",
    "team": "T355R0RT3",
    "blocks": [
      {
        "type": "rich_text",
        "block_id": "/yUKy",
        "elements": [
          {
            "type": "rich_text_section",
            "elements": [
              {
                "type": "user",
                "user_id": "U02JFCNHKHB"
              },
              {
                "type": "text",
                "text": " We’ve checked the Render access after Darren resent the invite. Access is working as expected and were able to complete a small deployment successfully on a 1 CPU instance."
              }
            ]
          }
        ]
      }
    ]
  },
  {
    "user": "U02JFCNHKHB",
    "type": "message",
    "ts": "1767779899.804139",
    "client_msg_id": "8733ba10-3482-47f2-98ae-4cd8c8698cdd",
    "text": ":+1:",
    "team": "T355R0RT3",
    "blocks": [
      {
        "type": "rich_text",
        "block_id": "/JrCR",
        "elements": [
          {
            "type": "rich_text_section",
            "elements": [
              {
                "type": "emoji",
                "name": "+1",
                "unicode": "1f44d"
              }
            ]
          }
        ]
      }
    ]
  },
  {
    "subtype": "thread_broadcast",
    "user": "U37KPJ30D",
    "thread_ts": "1767616754.879519",
    "root": {
      "user": "U37KPJ30D",
      "type": "message",
      "ts": "1767616754.879519",
      "client_msg_id": "4fd5c0ab-8434-446c-a0dd-ec9eddd3567e",
      "text": "<@U02JFCNHKHB> We need one additional permission for the Firestore setup. Could you please inform to Darren to grant `datastore.databases.create` in Google IAM for our user? All other required permissions (including Firebase Hosting and real-time access) are already enabled.",
      "team": "T355R0RT3",
      "thread_ts": "1767616754.879519",
      "reply_count": 4,
      "reply_users_count": 2,
      "latest_reply": "1767803352.607049",
      "reply_users": [
        "U37KPJ30D",
        "U02JFCNHKHB"
      ],
      "is_locked": false,
      "subscribed": false,
      "blocks": [
        {
          "type": "rich_text",
          "block_id": "xAXmy",
          "elements": [
            {
              "type": "rich_text_section",
              "elements": [
                {
                  "type": "user",
                  "user_id": "U02JFCNHKHB"
                },
                {
                  "type": "text",
                  "text": " We need one additional permission for the Firestore setup. Could you please inform to Darren to grant "
                },
                {
                  "type": "text",
                  "text": "datastore.databases.create",
                  "style": {
                    "code": true
                  }
                },
                {
                  "type": "text",
                  "text": " in Google IAM for our user? All other required permissions (including Firebase Hosting and real-time access) are already enabled."
                }
              ]
            }
          ]
        }
      ]
    },
    "type": "message",
    "ts": "1767780118.082929",
    "client_msg_id": "9ea1c718-ea5b-4284-ad74-c25dd842ff82",
    "text": "<@U02JFCNHKHB> As a follow up, the firestore permission is still not enabled on our user.",
    "blocks": [
      {
        "type": "rich_text",
        "block_id": "oJtu2",
        "elements": [
          {
            "type": "rich_text_section",
            "elements": [
              {
                "type": "user",
                "user_id": "U02JFCNHKHB"
              },
              {
                "type": "text",
                "text": " As a follow up, the firestore permission is still not enabled on our user."
              }
            ]
          }
        ]
      }
    ]
  },
  {
    "subtype": "thread_broadcast",
    "user": "U37KPJ30D",
    "thread_ts": "1767616754.879519",
    "root": {
      "user": "U37KPJ30D",
      "type": "message",
      "ts": "1767616754.879519",
      "client_msg_id": "4fd5c0ab-8434-446c-a0dd-ec9eddd3567e",
      "text": "<@U02JFCNHKHB> We need one additional permission for the Firestore setup. Could you please inform to Darren to grant `datastore.databases.create` in Google IAM for our user? All other required permissions (including Firebase Hosting and real-time access) are already enabled.",
      "team": "T355R0RT3",
      "thread_ts": "1767616754.879519",
      "reply_count": 4,
      "reply_users_count": 2,
      "latest_reply": "1767803352.607049",
      "reply_users": [
        "U37KPJ30D",
        "U02JFCNHKHB"
      ],
      "is_locked": false,
      "subscribed": false,
      "blocks": [
        {
          "type": "rich_text",
          "block_id": "xAXmy",
          "elements": [
            {
              "type": "rich_text_section",
              "elements": [
                {
                  "type": "user",
                  "user_id": "U02JFCNHKHB"
                },
                {
                  "type": "text",
                  "text": " We need one additional permission for the Firestore setup. Could you please inform to Darren to grant "
                },
                {
                  "type": "text",
                  "text": "datastore.databases.create",
                  "style": {
                    "code": true
                  }
                },
                {
                  "type": "text",
                  "text": " in Google IAM for our user? All other required permissions (including Firebase Hosting and real-time access) are already enabled."
                }
              ]
            }
          ]
        }
      ]
    },
    "type": "message",
    "ts": "1767803352.607049",
    "client_msg_id": "e09be67c-7945-4ab4-8e86-8bd215283904",
    "text": "<@U02JFCNHKHB> Cloud Firestore Admin (`roles/datastore.admin`) includes the required Firestore database creation permission. This can be granted via the IAM console using the “Grant access” feature.",
    "blocks": [
      {
        "type": "rich_text",
        "block_id": "gUWgv",
        "elements": [
          {
            "type": "rich_text_section",
            "elements": [
              {
                "type": "user",
                "user_id": "U02JFCNHKHB"
              },
              {
                "type": "text",
                "text": " Cloud Firestore Admin ("
              },
              {
                "type": "text",
                "text": "roles/datastore.admin",
                "style": {
                  "code": true
                }
              },
              {
                "type": "text",
                "text": ") includes the required Firestore database creation permission. This can be granted via the IAM console using the “Grant access” feature."
              }
            ]
          }
        ]
      }
    ]
  }
]