[
  {
    "user": "U37KPJ30D",
    "type": "message",
    "ts": "1767927233.531959",
    "client_msg_id": "29989dd9-f9b9-47c9-8194-4fea85644bf4",
    "text": "<@U02JFCNHKHB> For our RAG flow, should we treat the text returned by the vector retrieval step as the final context and pass it directly to the LLM, or do you expect us to re-fetch the matched chunk/file content from the source and send that canonical text to the LLM instead?",
    "team": "T355R0RT3",
    "blocks": [
      {
        "type": "rich_text",
        "block_id": "jsyai",
        "elements": [
          {
            "type": "rich_text_section",
            "elements": [
              {
                "type": "user",
                "user_id": "U02JFCNHKHB"
              },
              {
                "type": "text",
                "text": " For our RAG flow, should we treat the text returned by the vector retrieval step as the final context and pass it directly to the LLM, or do you expect us to re-fetch the matched chunk/file content from the source and send that canonical text to the LLM instead?"
              }
            ]
          }
        ]
      }
    ]
  },
  {
    "user": "U02JFCNHKHB",
    "type": "message",
    "ts": "1767937652.587949",
    "client_msg_id": "56c747e5-82cd-4eae-a921-c85f4fea1046",
    "text": "Re-fetch. Because we will likely need to tune this part. Send the matched file for now. But later, we probably need to parse the section number and extract only that part",
    "team": "T355R0RT3",
    "thread_ts": "1767937652.587949",
    "reply_count": 2,
    "reply_users_count": 2,
    "latest_reply": "1767950640.859939",
    "reply_users": [
      "U06EHNXKZ1D",
      "U02JFCNHKHB"
    ],
    "is_locked": false,
    "subscribed": false,
    "blocks": [
      {
        "type": "rich_text",
        "block_id": "6M1Ol",
        "elements": [
          {
            "type": "rich_text_section",
            "elements": [
              {
                "type": "text",
                "text": "Re-fetch. Because we will likely need to tune this part. Send the matched file for now. But later, we probably need to parse the section number and extract only that part"
              }
            ]
          }
        ]
      }
    ]
  },
  {
    "user": "U02JFCNHKHB",
    "type": "message",
    "ts": "1767938065.819429",
    "client_msg_id": "d7b572b2-f970-4c9c-ac11-6438b361db4d",
    "text": "This is the critical step for this project. \n\nWe will initially control the context size by manually splitting the chapter into smaller parts. We are breaking the chapter apart by sections right now, but certain sections might need to be broken down even more. \n\nBut eventually, we will need to control the rehydration:\n\n1. If the scores are too low, we need to send some standard \"I don't know\" context instead. \n2. If the matched file is too big or the matched chunk is leaning too much towards the beginning or the end, we would need to return its neighbors strategically to get usable results. \n3. Finally, if the matched chunk needs a table from the appendix, we would need to pull that as part of the rehydration as well. ",
    "team": "T355R0RT3",
    "blocks": [
      {
        "type": "rich_text",
        "block_id": "vCiWR",
        "elements": [
          {
            "type": "rich_text_section",
            "elements": [
              {
                "type": "text",
                "text": "This is the critical step for this project. \n\nWe will initially control the context size by manually splitting the chapter into smaller parts. We are breaking the chapter apart by sections right now, but certain sections might need to be broken down even more. \n\nBut eventually, we will need to control the rehydration:\n\n"
              }
            ]
          },
          {
            "type": "rich_text_list",
            "elements": [
              {
                "type": "rich_text_section",
                "elements": [
                  {
                    "type": "text",
                    "text": "If the scores are too low, we need to send some standard \"I don't know\" context instead. "
                  }
                ]
              },
              {
                "type": "rich_text_section",
                "elements": [
                  {
                    "type": "text",
                    "text": "If the matched file is too big or the matched chunk is leaning too much towards the beginning or the end, we would need to return its neighbors strategically to get usable results. "
                  }
                ]
              },
              {
                "type": "rich_text_section",
                "elements": [
                  {
                    "type": "text",
                    "text": "Finally, if the matched chunk needs a table from the appendix, we would need to pull that as part of the rehydration as well. "
                  }
                ]
              }
            ],
            "style": "ordered",
            "indent": 0,
            "offset": 0,
            "border": 0
          }
        ]
      }
    ]
  },
  {
    "user": "U06EHNXKZ1D",
    "type": "message",
    "ts": "1767941764.778189",
    "client_msg_id": "9ac73401-346a-46f1-8f38-dac4991963a2",
    "text": "<@U02JFCNHKHB> can you please suggest a threshold score to filter low-scored chunks.",
    "team": "T355R0RT3",
    "blocks": [
      {
        "type": "rich_text",
        "block_id": "IMc3q",
        "elements": [
          {
            "type": "rich_text_section",
            "elements": [
              {
                "type": "user",
                "user_id": "U02JFCNHKHB"
              },
              {
                "type": "text",
                "text": " can you please suggest a threshold score to filter low-scored chunks."
              }
            ]
          }
        ]
      }
    ]
  },
  {
    "user": "U02JFCNHKHB",
    "type": "message",
    "ts": "1767941782.171619",
    "client_msg_id": "ab9f9d4d-639f-4081-a81c-c9476f3725cd",
    "text": "Use 0.5 for now",
    "team": "T355R0RT3",
    "blocks": [
      {
        "type": "rich_text",
        "block_id": "2Phiv",
        "elements": [
          {
            "type": "rich_text_section",
            "elements": [
              {
                "type": "text",
                "text": "Use 0.5 for now"
              }
            ]
          }
        ]
      }
    ],
    "reactions": [
      {
        "name": "+1",
        "users": [
          "U06EHNXKZ1D"
        ],
        "count": 1
      }
    ]
  },
  {
    "user": "U02JFCNHKHB",
    "type": "message",
    "ts": "1767941798.471719",
    "client_msg_id": "5bcd2e1c-9c67-43a7-998d-0cf480968230",
    "text": "We will need to tune this, once we start seeing the responses",
    "team": "T355R0RT3",
    "blocks": [
      {
        "type": "rich_text",
        "block_id": "kIy4Q",
        "elements": [
          {
            "type": "rich_text_section",
            "elements": [
              {
                "type": "text",
                "text": "We will need to tune this, once we start seeing the responses"
              }
            ]
          }
        ]
      }
    ]
  },
  {
    "user": "U37KPJ30D",
    "type": "message",
    "ts": "1767956266.614989",
    "client_msg_id": "12536972-ebd2-4e45-963e-1473800cf249",
    "text": "<@U02JFCNHKHB> Pls confirm, If canonical sources are DOCX files, we'll need to parse and extract the relevant content from the matched DOCX during rehydration and then send the extracted text to the LLM.",
    "team": "T355R0RT3",
    "blocks": [
      {
        "type": "rich_text",
        "block_id": "U+t7b",
        "elements": [
          {
            "type": "rich_text_section",
            "elements": [
              {
                "type": "user",
                "user_id": "U02JFCNHKHB"
              },
              {
                "type": "text",
                "text": " Pls confirm, If canonical sources are DOCX files, we'll need to parse and extract the relevant content from the matched DOCX during rehydration and then send the extracted text to the LLM."
              }
            ]
          }
        ]
      }
    ]
  },
  {
    "user": "U02JFCNHKHB",
    "type": "message",
    "ts": "1767958855.468499",
    "client_msg_id": "5a21000f-542d-4338-b3d3-6f30db8b3d49",
    "text": "Yeah. That's why I mentioned that parsing these files won't be that straightforward, when you guys were making our website.",
    "team": "T355R0RT3",
    "blocks": [
      {
        "type": "rich_text",
        "block_id": "bLcHw",
        "elements": [
          {
            "type": "rich_text_section",
            "elements": [
              {
                "type": "text",
                "text": "Yeah. That's why I mentioned that parsing these files won't be that straightforward, when you guys were making our website."
              }
            ]
          }
        ]
      }
    ]
  },
  {
    "user": "U02JFCNHKHB",
    "type": "message",
    "ts": "1767958880.742409",
    "client_msg_id": "389680c7-68c3-4ec3-b8aa-443dd51787bf",
    "text": "It's better you convert these files to html first",
    "team": "T355R0RT3",
    "blocks": [
      {
        "type": "rich_text",
        "block_id": "NfRwR",
        "elements": [
          {
            "type": "rich_text_section",
            "elements": [
              {
                "type": "text",
                "text": "It's better you convert these files to html first"
              }
            ]
          }
        ]
      }
    ]
  },
  {
    "user": "U02JFCNHKHB",
    "type": "message",
    "ts": "1767958937.612059",
    "client_msg_id": "7660dec3-478f-4500-9c96-72c389d543d6",
    "text": "Also, send the full matched document for now. We will work on fine tuning the context later",
    "team": "T355R0RT3",
    "blocks": [
      {
        "type": "rich_text",
        "block_id": "YGoTo",
        "elements": [
          {
            "type": "rich_text_section",
            "elements": [
              {
                "type": "text",
                "text": "Also, send the full matched document for now. We will work on fine tuning the context later"
              }
            ]
          }
        ]
      }
    ]
  },
  {
    "user": "U37KPJ30D",
    "type": "message",
    "ts": "1767960513.129929",
    "edited": {
      "user": "U37KPJ30D",
      "ts": "1767960652.000000"
    },
    "client_msg_id": "a3fce21e-f850-4fdc-8b60-15714714dda5",
    "text": "One heads up even we move forward with the DOCX to HTML approach,  we can still hit LLM context window limits when we send the full matched document, especially for large chapters, sections, or appendices.",
    "team": "T355R0RT3",
    "blocks": [
      {
        "type": "rich_text",
        "block_id": "AcUV2",
        "elements": [
          {
            "type": "rich_text_section",
            "elements": [
              {
                "type": "text",
                "text": "One heads up even we move forward with the DOCX to HTML approach,  we can still hit LLM context window limits when we send the full matched document, especially for large chapters, sections, or appendices."
              }
            ]
          }
        ]
      }
    ]
  },
  {
    "user": "U37KPJ30D",
    "type": "message",
    "ts": "1767960521.738829",
    "client_msg_id": "aa602c58-d6f8-42d2-802f-74aadf0eecbe",
    "text": "Failed to generate LLM response: 400 Your input exceeds the context window of this model. Please adjust your input and try again.",
    "team": "T355R0RT3",
    "blocks": [
      {
        "type": "rich_text",
        "block_id": "xUkxy",
        "elements": [
          {
            "type": "rich_text_section",
            "elements": [
              {
                "type": "text",
                "text": "Failed to generate LLM response: 400 Your input exceeds the context window of this model. Please adjust your input and try again."
              }
            ]
          }
        ]
      }
    ]
  },
  {
    "user": "U02JFCNHKHB",
    "type": "message",
    "ts": "1767960807.808259",
    "client_msg_id": "8103db7a-4b95-434c-b1ae-97537c339733",
    "text": "Yup, thats when we need to either break down a section according to its subsections (9.1, 9.2...) or control the extracted parts (if 9.1.3 matched, pull 9.1 main text plus 9.1.2 and 9.1.4 texts for neighbor contexts)",
    "team": "T355R0RT3",
    "blocks": [
      {
        "type": "rich_text",
        "block_id": "u+Ycv",
        "elements": [
          {
            "type": "rich_text_section",
            "elements": [
              {
                "type": "text",
                "text": "Yup, thats when we need to either break down a section according to its subsections (9.1, 9.2...) or control the extracted parts (if 9.1.3 matched, pull 9.1 main text plus 9.1.2 and 9.1.4 texts for neighbor contexts)"
              }
            ]
          }
        ]
      }
    ]
  },
  {
    "user": "U02JFCNHKHB",
    "type": "message",
    "ts": "1767960891.202849",
    "client_msg_id": "6889c92d-914d-4c0e-836e-6a9c666a5078",
    "text": "OpenAI's auto rehydration simply pulls around 100 words before and after the matched block for continuity. That won't work with legal texts. That's precisely why we must manually perform rehydration",
    "team": "T355R0RT3",
    "blocks": [
      {
        "type": "rich_text",
        "block_id": "kA8tl",
        "elements": [
          {
            "type": "rich_text_section",
            "elements": [
              {
                "type": "text",
                "text": "OpenAI's auto rehydration simply pulls around 100 words before and after the matched block for continuity. That won't work with legal texts. That's precisely why we must manually perform rehydration"
              }
            ]
          }
        ]
      }
    ]
  },
  {
    "user": "U02JFCNHKHB",
    "type": "message",
    "ts": "1767960993.460669",
    "client_msg_id": "418f5fd2-0124-4633-9942-28d530d6b222",
    "text": "Also, you need to consider all the matches that you will be using. If all your matches are on 9.1, then:\n\n1. You more than likely only need the texts for 9.1\n2. Only send that text once, not duplicated for each match",
    "team": "T355R0RT3",
    "blocks": [
      {
        "type": "rich_text",
        "block_id": "VWUv+",
        "elements": [
          {
            "type": "rich_text_section",
            "elements": [
              {
                "type": "text",
                "text": "Also, you need to consider all the matches that you will be using. If all your matches are on 9.1, then:\n\n"
              }
            ]
          },
          {
            "type": "rich_text_list",
            "elements": [
              {
                "type": "rich_text_section",
                "elements": [
                  {
                    "type": "text",
                    "text": "You more than likely only need the texts for 9.1"
                  }
                ]
              },
              {
                "type": "rich_text_section",
                "elements": [
                  {
                    "type": "text",
                    "text": "Only send that text once, not duplicated for each match"
                  }
                ]
              }
            ],
            "style": "ordered",
            "indent": 0,
            "offset": 0,
            "border": 0
          }
        ]
      }
    ]
  },
  {
    "user": "U02JFCNHKHB",
    "type": "message",
    "ts": "1767961185.716849",
    "client_msg_id": "961ce85d-c568-4aff-b638-3797a4a1e7ef",
    "text": "The problem becomes complicated when you get several matches all matching different parts of the document. This is when hydration control becomes absolutely critical. \n\n1. Try to formulate matching ranges (9.1-3) and process the entire range at once\n2. First summarize a matched section, and then use the summary as the context\nFor the second approach, you should create summaries for each document uploaded, and stored together in firebase. This would make the rehydration both faster and also more consistent",
    "team": "T355R0RT3",
    "blocks": [
      {
        "type": "rich_text",
        "block_id": "U2GyD",
        "elements": [
          {
            "type": "rich_text_section",
            "elements": [
              {
                "type": "text",
                "text": "The problem becomes complicated when you get several matches all matching different parts of the document. This is when hydration control becomes absolutely critical. \n\n"
              }
            ]
          },
          {
            "type": "rich_text_list",
            "elements": [
              {
                "type": "rich_text_section",
                "elements": [
                  {
                    "type": "text",
                    "text": "Try to formulate matching ranges (9.1-3) and process the entire range at once"
                  }
                ]
              },
              {
                "type": "rich_text_section",
                "elements": [
                  {
                    "type": "text",
                    "text": "First summarize a matched section, and then use the summary as the context"
                  }
                ]
              }
            ],
            "style": "ordered",
            "indent": 0,
            "offset": 0,
            "border": 0
          },
          {
            "type": "rich_text_section",
            "elements": [
              {
                "type": "text",
                "text": "\nFor the second approach, you should create summaries for each document uploaded, and stored together in firebase. This would make the rehydration both faster and also more consistent"
              }
            ]
          }
        ]
      }
    ],
    "pinned_to": [
      "C0A2H47EDK9"
    ],
    "pinned_info": {
      "channel": "C0A2H47EDK9",
      "pinned_by": "UM3V8V1NK",
      "pinned_ts": 1768206711
    }
  },
  {
    "user": "U37KPJ30D",
    "type": "message",
    "ts": "1767961901.608079",
    "client_msg_id": "3968ec9d-5805-4462-b155-c550112a7e31",
    "text": "Splitting these chapters into clean 9 -&gt; 9.1 -&gt; 9.1.3 chunks is going to be the real boss fight here :grinning:",
    "team": "T355R0RT3",
    "blocks": [
      {
        "type": "rich_text",
        "block_id": "LrQ5S",
        "elements": [
          {
            "type": "rich_text_section",
            "elements": [
              {
                "type": "text",
                "text": "Splitting these chapters into clean 9 -> 9.1 -> 9.1.3 chunks is going to be the real boss fight here "
              },
              {
                "type": "emoji",
                "name": "grinning",
                "unicode": "1f600"
              }
            ]
          }
        ]
      }
    ]
  },
  {
    "user": "UM3V8V1NK",
    "type": "message",
    "ts": "1767962233.695919",
    "client_msg_id": "af29d54e-5c97-4a5c-83eb-349120daaa37",
    "text": ":slightly_smiling_face:",
    "team": "T355R0RT3",
    "blocks": [
      {
        "type": "rich_text",
        "block_id": "6W7Kx",
        "elements": [
          {
            "type": "rich_text_section",
            "elements": [
              {
                "type": "emoji",
                "name": "slightly_smiling_face",
                "unicode": "1f642"
              }
            ]
          }
        ]
      }
    ]
  },
  {
    "user": "U02JFCNHKHB",
    "type": "message",
    "ts": "1767962246.826769",
    "client_msg_id": "9dbb757c-9f01-48f2-b23f-72b7514e5a08",
    "text": "Yup. That's where all the other vendors failed. They tried to use the automatic one and then tried to split with scripts. Neither will work here. \n\nBut do note that this is not that big. We can do it manually. It will take at most one day. \n\nThe chunk upload and organization needs to be clean. If we can do that, then pulling the neighbors would be quite easy. That's why we need to nest the documents in firestore",
    "team": "T355R0RT3",
    "blocks": [
      {
        "type": "rich_text",
        "block_id": "Vw0qN",
        "elements": [
          {
            "type": "rich_text_section",
            "elements": [
              {
                "type": "text",
                "text": "Yup. That's where all the other vendors failed. They tried to use the automatic one and then tried to split with scripts. Neither will work here. \n\nBut do note that this is not that big. We can do it manually. It will take at most one day. \n\nThe chunk upload and organization needs to be clean. If we can do that, then pulling the neighbors would be quite easy. That's why we need to nest the documents in firestore"
              }
            ]
          }
        ]
      }
    ]
  },
  {
    "user": "U02JFCNHKHB",
    "type": "message",
    "ts": "1767962294.732389",
    "client_msg_id": "630e5d17-39ac-4862-9358-83aab17606de",
    "text": "One day per document, we will have their entire set of documents done within two weeks. That's not a problem.",
    "team": "T355R0RT3",
    "blocks": [
      {
        "type": "rich_text",
        "block_id": "75UEC",
        "elements": [
          {
            "type": "rich_text_section",
            "elements": [
              {
                "type": "text",
                "text": "One day per document, we will have their entire set of documents done within two weeks. That's not a problem."
              }
            ]
          }
        ]
      }
    ]
  },
  {
    "user": "U02JFCNHKHB",
    "type": "message",
    "ts": "1767962336.583489",
    "client_msg_id": "82d53c0a-6dce-44f7-84bb-9ff0e2ca2e70",
    "text": "I think 2 levels are all we need. Chapter 6, 1.1",
    "team": "T355R0RT3",
    "thread_ts": "1767962336.583489",
    "reply_count": 1,
    "reply_users_count": 1,
    "latest_reply": "1768206240.948249",
    "reply_users": [
      "UM3V8V1NK"
    ],
    "is_locked": false,
    "subscribed": true,
    "last_read": "1768206240.948249",
    "blocks": [
      {
        "type": "rich_text",
        "block_id": "T4FIF",
        "elements": [
          {
            "type": "rich_text_section",
            "elements": [
              {
                "type": "text",
                "text": "I think 2 levels are all we need. Chapter 6, 1.1"
              }
            ]
          }
        ]
      }
    ]
  },
  {
    "user": "U02JFCNHKHB",
    "type": "message",
    "ts": "1767962353.120739",
    "client_msg_id": "94795e36-6df5-43dd-9869-ae51140e3ede",
    "text": "Chapter 6, 1.1.1 might be only needed for very specific parts",
    "team": "T355R0RT3",
    "blocks": [
      {
        "type": "rich_text",
        "block_id": "wmLVL",
        "elements": [
          {
            "type": "rich_text_section",
            "elements": [
              {
                "type": "text",
                "text": "Chapter 6, 1.1.1 might be only needed for very specific parts"
              }
            ]
          }
        ]
      }
    ]
  },
  {
    "user": "U02JFCNHKHB",
    "type": "message",
    "ts": "1767962400.262149",
    "client_msg_id": "8f8c6425-fe83-487d-a9e1-651409ac2600",
    "text": "If we get to the 1.1 level, and the document is still too big, that's when we need to use the document summary as the context",
    "team": "T355R0RT3",
    "blocks": [
      {
        "type": "rich_text",
        "block_id": "92wR5",
        "elements": [
          {
            "type": "rich_text_section",
            "elements": [
              {
                "type": "text",
                "text": "If we get to the 1.1 level, and the document is still too big, that's when we need to use the document summary as the context"
              }
            ]
          }
        ]
      }
    ]
  },
  {
    "user": "U02JFCNHKHB",
    "type": "message",
    "ts": "1767962505.650129",
    "client_msg_id": "d42f5675-9961-4064-9ab2-b653b479b2a5",
    "text": "Or we can use the matched part and expand by 100 words forward and backward. Since the document already limits the sections, this won't introduce foreign texts. For example, if we have 9.3 as a match and the chunk is at the end of it, our current setup won't produce parts of 9.4 as the context. This is critical",
    "team": "T355R0RT3",
    "blocks": [
      {
        "type": "rich_text",
        "block_id": "pRZPh",
        "elements": [
          {
            "type": "rich_text_section",
            "elements": [
              {
                "type": "text",
                "text": "Or we can use the matched part and expand by 100 words forward and backward. Since the document already limits the sections, this won't introduce foreign texts. For example, if we have 9.3 as a match and the chunk is at the end of it, our current setup won't produce parts of 9.4 as the context. This is critical"
              }
            ]
          }
        ]
      }
    ]
  },
  {
    "user": "U02JFCNHKHB",
    "type": "message",
    "ts": "1767962535.821799",
    "client_msg_id": "6f0b28b7-dbee-43bc-9146-1de816d9f27d",
    "text": "But that only works, if the documents are split at least 2 levels down",
    "team": "T355R0RT3",
    "blocks": [
      {
        "type": "rich_text",
        "block_id": "XqaV0",
        "elements": [
          {
            "type": "rich_text_section",
            "elements": [
              {
                "type": "text",
                "text": "But that only works, if the documents are split at least 2 levels down"
              }
            ]
          }
        ]
      }
    ]
  },
  {
    "user": "U37KPJ30D",
    "type": "message",
    "ts": "1767970840.482189",
    "client_msg_id": "f84d46e7-c91a-4b1c-afad-c33fecb9617c",
    "text": "<@U02JFCNHKHB> We have now split the documents into more granular chunks and are using the top-5 matches from retrieval for the LLM flow. At the moment, we’re rehydrating and sending the matched document content as context to validate correctness.\nNext step is to implement the neighboring logic (parent section + adjacent subsections) so we can control context more precisely and avoid over or under hydration.",
    "team": "T355R0RT3",
    "blocks": [
      {
        "type": "rich_text",
        "block_id": "1LD/u",
        "elements": [
          {
            "type": "rich_text_section",
            "elements": [
              {
                "type": "user",
                "user_id": "U02JFCNHKHB"
              },
              {
                "type": "text",
                "text": " We have now split the documents into more granular chunks and are using the top-5 matches from retrieval for the LLM flow. At the moment, we’re rehydrating and sending the matched document content as context to validate correctness.\nNext step is to implement the neighboring logic (parent section + adjacent subsections) so we can control context more precisely and avoid over or under hydration."
              }
            ]
          }
        ]
      }
    ]
  },
  {
    "user": "U37KPJ30D",
    "type": "message",
    "ts": "1767970877.842389",
    "client_msg_id": "3852dcb6-f0d8-4c2b-892c-a9bd9e32875c",
    "text": "You can see the current behavior here: <https://ara-askerisa.web.app/v1>",
    "team": "T355R0RT3",
    "blocks": [
      {
        "type": "rich_text",
        "block_id": "PT3YJ",
        "elements": [
          {
            "type": "rich_text_section",
            "elements": [
              {
                "type": "text",
                "text": "You can see the current behavior here: "
              },
              {
                "type": "link",
                "url": "https://ara-askerisa.web.app/v1"
              }
            ]
          }
        ]
      }
    ]
  },
  {
    "user": "U37KPJ30D",
    "type": "message",
    "ts": "1767970975.950569",
    "client_msg_id": "151420fe-5de7-4f68-8593-5fc8244f2093",
    "text": "We have validated the results between the previous version and the new version and about 90% of the answers match the expected outcomes.",
    "team": "T355R0RT3",
    "blocks": [
      {
        "type": "rich_text",
        "block_id": "QPxlc",
        "elements": [
          {
            "type": "rich_text_section",
            "elements": [
              {
                "type": "text",
                "text": "We have validated the results between the previous version and the new version and about 90% of the answers match the expected outcomes."
              }
            ]
          }
        ]
      }
    ]
  },
  {
    "user": "U37KPJ30D",
    "type": "message",
    "ts": "1767971106.230759",
    "client_msg_id": "9527a137-5a1e-4d7f-bf75-7a16caedc357",
    "text": "We’ve kept the previous version available for cross checking. Please let us know if you would like the new version to replace the existing one or if you want us to run both in parallel for further validation.",
    "team": "T355R0RT3",
    "blocks": [
      {
        "type": "rich_text",
        "block_id": "YXVsN",
        "elements": [
          {
            "type": "rich_text_section",
            "elements": [
              {
                "type": "text",
                "text": "We’ve kept the previous version available for cross checking. Please let us know if you would like the new version to replace the existing one or if you want us to run both in parallel for further validation."
              }
            ]
          }
        ]
      }
    ]
  },
  {
    "user": "U02JFCNHKHB",
    "type": "message",
    "ts": "1767971490.235879",
    "client_msg_id": "13a3e65b-0aee-4aa3-adf5-1354c90c69e7",
    "text": "Definitely run both in parallel for comparison. One thing is we must out perform the fully automated version, otherwise we will expose ourselves for being replaced.",
    "team": "T355R0RT3",
    "blocks": [
      {
        "type": "rich_text",
        "block_id": "HvTNJ",
        "elements": [
          {
            "type": "rich_text_section",
            "elements": [
              {
                "type": "text",
                "text": "Definitely run both in parallel for comparison. One thing is we must out perform the fully automated version, otherwise we will expose ourselves for being replaced."
              }
            ]
          }
        ]
      }
    ],
    "reactions": [
      {
        "name": "+1",
        "users": [
          "UM3V8V1NK"
        ],
        "count": 1
      }
    ]
  },
  {
    "user": "UM3V8V1NK",
    "type": "message",
    "ts": "1767974725.279579",
    "client_msg_id": "5199BBBD-DF53-45E3-BD21-489B6268D535",
    "text": "Will share responses from the comparison in a bit.",
    "team": "T355R0RT3",
    "blocks": [
      {
        "type": "rich_text",
        "block_id": "Lf6tF",
        "elements": [
          {
            "type": "rich_text_section",
            "elements": [
              {
                "type": "text",
                "text": "Will share responses from the comparison in a bit."
              }
            ]
          }
        ]
      }
    ]
  },
  {
    "user": "UM3V8V1NK",
    "type": "message",
    "ts": "1767979694.342599",
    "client_msg_id": "7af41ce8-d8c0-4622-8395-b437b63531ff",
    "text": "<@U02JFCNHKHB> Responses were executed in parallel. A small sampler across a couple of rounds was run, as additional work is still required to fine-tune the underlying logic and setting the tone.\n<https://docs.google.com/spreadsheets/d/1HmPihKp_6CR_HrzSPft83cvc4gHyd9SDIp_mdCd-4fs/edit?gid=244829640#gid=244829640|Aris - Chapter_6  Questions_Responses_Review - 9Jan26>",
    "team": "T355R0RT3",
    "blocks": [
      {
        "type": "rich_text",
        "block_id": "UqMO8",
        "elements": [
          {
            "type": "rich_text_section",
            "elements": [
              {
                "type": "user",
                "user_id": "U02JFCNHKHB"
              },
              {
                "type": "text",
                "text": " Responses were executed in parallel. A small sampler across a couple of rounds was run, as additional work is still required to fine-tune the underlying logic and setting the tone.\n"
              },
              {
                "type": "link",
                "url": "https://docs.google.com/spreadsheets/d/1HmPihKp_6CR_HrzSPft83cvc4gHyd9SDIp_mdCd-4fs/edit?gid=244829640#gid=244829640",
                "text": "Aris - Chapter_6  Questions_Responses_Review - 9Jan26"
              }
            ]
          }
        ]
      }
    ]
  },
  {
    "user": "U02JFCNHKHB",
    "type": "message",
    "ts": "1767979915.383489",
    "client_msg_id": "cf5c8ab0-d5f9-46b3-aadc-048d0ff8b614",
    "text": ":+1: I'll check over the weekend. Meeting up with Darren for dinner now",
    "team": "T355R0RT3",
    "blocks": [
      {
        "type": "rich_text",
        "block_id": "zvfzL",
        "elements": [
          {
            "type": "rich_text_section",
            "elements": [
              {
                "type": "emoji",
                "name": "+1",
                "unicode": "1f44d"
              },
              {
                "type": "text",
                "text": " I'll check over the weekend. Meeting up with Darren for dinner now"
              }
            ]
          }
        ]
      }
    ]
  }
]