[
  {
    "user": "UM3V8V1NK",
    "type": "message",
    "ts": "1769666176.478419",
    "client_msg_id": "076d539f-02c5-432f-b033-2f2f4bec097d",
    "text": "<@U02JFCNHKHB> Any questions on the above?",
    "team": "T355R0RT3",
    "thread_ts": "1769666176.478419",
    "reply_count": 1,
    "reply_users_count": 1,
    "latest_reply": "1769670895.357089",
    "reply_users": [
      "U02JFCNHKHB"
    ],
    "is_locked": false,
    "subscribed": true,
    "last_read": "1769670895.357089",
    "blocks": [
      {
        "type": "rich_text",
        "block_id": "8u9sv",
        "elements": [
          {
            "type": "rich_text_section",
            "elements": [
              {
                "type": "user",
                "user_id": "U02JFCNHKHB"
              },
              {
                "type": "text",
                "text": " Any questions on the above?"
              }
            ]
          }
        ]
      }
    ]
  },
  {
    "user": "UM3V8V1NK",
    "type": "message",
    "ts": "1769671242.781459",
    "client_msg_id": "30ad448f-70b8-4834-9602-30d8e5d90cf0",
    "text": "There is no clearly defined success criteria for this deliverable, so I will need to rely on your confirmation to confirm completion, <@U02JFCNHKHB>.",
    "team": "T355R0RT3",
    "blocks": [
      {
        "type": "rich_text",
        "block_id": "klAK/",
        "elements": [
          {
            "type": "rich_text_section",
            "elements": [
              {
                "type": "text",
                "text": "There is no clearly defined success criteria for this deliverable, so I will need to rely on your confirmation to confirm completion, "
              },
              {
                "type": "user",
                "user_id": "U02JFCNHKHB"
              },
              {
                "type": "text",
                "text": "."
              }
            ]
          }
        ]
      }
    ]
  },
  {
    "user": "U02JFCNHKHB",
    "type": "message",
    "ts": "1769671457.448989",
    "client_msg_id": "4b095970-9403-4cb8-8fe1-5b845e615e84",
    "text": "You need to read the original request and figure out what this phase needs to achieve, so the rest would be possible later. Think this through.",
    "team": "T355R0RT3",
    "blocks": [
      {
        "type": "rich_text",
        "block_id": "ZbZuW",
        "elements": [
          {
            "type": "rich_text_section",
            "elements": [
              {
                "type": "text",
                "text": "You need to read the original request and figure out what this phase needs to achieve, so the rest would be possible later. Think this through."
              }
            ]
          }
        ]
      }
    ]
  },
  {
    "user": "UM3V8V1NK",
    "type": "message",
    "ts": "1769671545.580519",
    "client_msg_id": "526d4d17-b35b-45f6-bceb-cc15befdb08b",
    "text": "First stage verification:\n• (existing) User enters inquiry\n• (new) Query the LLM for any unclear concepts within the inquiry\n• (existing) Send the original inquiry to vector DB and do what we do today\nThis will be done and I shall take further inputs from the team to close.",
    "team": "T355R0RT3",
    "blocks": [
      {
        "type": "rich_text",
        "block_id": "1FaCu",
        "elements": [
          {
            "type": "rich_text_section",
            "elements": [
              {
                "type": "text",
                "text": "First stage verification:\n"
              }
            ]
          },
          {
            "type": "rich_text_list",
            "elements": [
              {
                "type": "rich_text_section",
                "elements": [
                  {
                    "type": "text",
                    "text": "(existing) User enters inquiry"
                  }
                ]
              },
              {
                "type": "rich_text_section",
                "elements": [
                  {
                    "type": "text",
                    "text": "(new) Query the LLM for any unclear concepts within the inquiry"
                  }
                ]
              },
              {
                "type": "rich_text_section",
                "elements": [
                  {
                    "type": "text",
                    "text": "(existing) Send the original inquiry to vector DB and do what we do today"
                  }
                ]
              }
            ],
            "style": "bullet",
            "indent": 0,
            "border": 0
          },
          {
            "type": "rich_text_section",
            "elements": [
              {
                "type": "text",
                "text": "\nThis will be done and I shall take further inputs from the team to close."
              }
            ]
          }
        ]
      }
    ]
  },
  {
    "user": "U02JFCNHKHB",
    "type": "message",
    "ts": "1769684361.570239",
    "client_msg_id": "3e50609c-f5d6-4428-9952-b03c816d3da9",
    "text": "That's just a copy and paste of what I wrote.",
    "team": "T355R0RT3",
    "blocks": [
      {
        "type": "rich_text",
        "block_id": "c2k+C",
        "elements": [
          {
            "type": "rich_text_section",
            "elements": [
              {
                "type": "text",
                "text": "That's just a copy and paste of what I wrote."
              }
            ]
          }
        ]
      }
    ]
  },
  {
    "user": "U02JFCNHKHB",
    "type": "message",
    "ts": "1769684385.032029",
    "client_msg_id": "fca554e0-d993-4bc4-bfe2-39af41717c41",
    "text": "What exactly do you need to monitor to ensure this task is completed the correct way?",
    "team": "T355R0RT3",
    "blocks": [
      {
        "type": "rich_text",
        "block_id": "F2qS1",
        "elements": [
          {
            "type": "rich_text_section",
            "elements": [
              {
                "type": "text",
                "text": "What exactly do you need to monitor to ensure this task is completed the correct way?"
              }
            ]
          }
        ]
      }
    ]
  },
  {
    "user": "UM3V8V1NK",
    "type": "message",
    "ts": "1769685722.565819",
    "client_msg_id": "d9aee0a1-5b38-4b7d-876f-7557c794c4c7",
    "text": "<@U02JFCNHKHB> QC Stage 1 is considered successful when:\n• Unclear concepts are consistently identified across real user inquiries.\n• Output is structured, stable, and reviewable.\n• No changes are observed in retrieval results or answers.\n• We agree the extracted data is useful for guiding Stage 2.\n• Sufficient data exists to design query rewrite logic with confidence.\n",
    "team": "T355R0RT3",
    "thread_ts": "1769685722.565819",
    "reply_count": 1,
    "reply_users_count": 1,
    "latest_reply": "1769701074.703749",
    "reply_users": [
      "UM3V8V1NK"
    ],
    "is_locked": false,
    "subscribed": true,
    "last_read": "1769701074.703749",
    "blocks": [
      {
        "type": "rich_text",
        "block_id": "/Y7cj",
        "elements": [
          {
            "type": "rich_text_section",
            "elements": [
              {
                "type": "user",
                "user_id": "U02JFCNHKHB"
              },
              {
                "type": "text",
                "text": " QC Stage 1 is considered successful when:\n"
              }
            ]
          },
          {
            "type": "rich_text_list",
            "elements": [
              {
                "type": "rich_text_section",
                "elements": [
                  {
                    "type": "text",
                    "text": "Unclear concepts are consistently identified across real user inquiries."
                  }
                ]
              },
              {
                "type": "rich_text_section",
                "elements": [
                  {
                    "type": "text",
                    "text": "Output is structured, stable, and reviewable."
                  }
                ]
              },
              {
                "type": "rich_text_section",
                "elements": [
                  {
                    "type": "text",
                    "text": "No changes are observed in retrieval results or answers."
                  }
                ]
              },
              {
                "type": "rich_text_section",
                "elements": [
                  {
                    "type": "text",
                    "text": "We agree the extracted data is useful for guiding Stage 2."
                  }
                ]
              },
              {
                "type": "rich_text_section",
                "elements": [
                  {
                    "type": "text",
                    "text": "Sufficient data exists to design query rewrite logic with confidence."
                  }
                ]
              }
            ],
            "style": "bullet",
            "indent": 0,
            "border": 0
          },
          {
            "type": "rich_text_section",
            "elements": []
          }
        ]
      }
    ]
  },
  {
    "user": "U02JFCNHKHB",
    "type": "message",
    "ts": "1769686068.121459",
    "client_msg_id": "0980c421-e518-4637-a401-bbc9ce20a98b",
    "text": "Yup. Just take a look at the output. As long as it reasonably captures concepts from the original inquiry that seem unclear to you, that's good enough. Remember, this is an LLM designed to mimic how a normal human would perceive the inquiry. So, it is best to use common sense when approach this, rather than mathematical or programmatical precision.\n\nThe output needs to be like you said, so the subsequent steps can parse it consistently and accurately. That's all.\n\nNothing else needs to be verified for this task.",
    "team": "T355R0RT3",
    "blocks": [
      {
        "type": "rich_text",
        "block_id": "+J0aG",
        "elements": [
          {
            "type": "rich_text_section",
            "elements": [
              {
                "type": "text",
                "text": "Yup. Just take a look at the output. As long as it reasonably captures concepts from the original inquiry that seem unclear to you, that's good enough. Remember, this is an LLM designed to mimic how a normal human would perceive the inquiry. So, it is best to use common sense when approach this, rather than mathematical or programmatical precision.\n\nThe output needs to be like you said, so the subsequent steps can parse it consistently and accurately. That's all.\n\nNothing else needs to be verified for this task."
              }
            ]
          }
        ]
      }
    ]
  },
  {
    "text": "<@U02JFCNHKHB> This is the document I had put together initially, for an overview on the requirement. Please review when you get a chance. Do let me know if I am missing anything.",
    "files": [
      {
        "id": "F0ACK34DE5N",
        "created": 1769687522,
        "timestamp": 1769687522,
        "name": "ARA - Query Construction.pdf",
        "title": "ARA - Query Construction.pdf",
        "mimetype": "application/pdf",
        "filetype": "pdf",
        "pretty_type": "PDF",
        "user": "UM3V8V1NK",
        "user_team": "T355R0RT3",
        "editable": false,
        "size": 219385,
        "mode": "hosted",
        "is_external": false,
        "external_type": "",
        "is_public": false,
        "public_url_shared": false,
        "display_as_bot": false,
        "username": "",
        "url_private": "https://files.slack.com/files-pri/T355R0RT3-F0ACK34DE5N/ara_-_query_construction.pdf",
        "url_private_download": "https://files.slack.com/files-pri/T355R0RT3-F0ACK34DE5N/download/ara_-_query_construction.pdf",
        "media_display_type": "unknown",
        "thumb_pdf": "https://files.slack.com/files-tmb/T355R0RT3-F0ACK34DE5N-3f47aa49cc/ara_-_query_construction_thumb_pdf.png",
        "thumb_pdf_w": 935,
        "thumb_pdf_h": 1210,
        "permalink": "https://devpixeled.slack.com/files/UM3V8V1NK/F0ACK34DE5N/ara_-_query_construction.pdf",
        "permalink_public": "https://slack-files.com/T355R0RT3-F0ACK34DE5N-6efbff24ba",
        "is_starred": false,
        "skipped_shares": true,
        "has_rich_preview": false,
        "file_access": "visible"
      }
    ],
    "upload": false,
    "user": "UM3V8V1NK",
    "display_as_bot": false,
    "blocks": [
      {
        "type": "rich_text",
        "block_id": "7cwIp",
        "elements": [
          {
            "type": "rich_text_section",
            "elements": [
              {
                "type": "user",
                "user_id": "U02JFCNHKHB"
              },
              {
                "type": "text",
                "text": " This is the document I had put together initially, for an overview on the requirement. Please review when you get a chance. Do let me know if I am missing anything."
              }
            ]
          }
        ]
      }
    ],
    "type": "message",
    "ts": "1769687530.018649",
    "client_msg_id": "3e19abca-3bf9-4b08-8d6d-d1a8a0c7a823"
  },
  {
    "user": "U02JFCNHKHB",
    "type": "message",
    "ts": "1769687985.231779",
    "client_msg_id": "477a1d35-d668-4c40-94f2-8a0fc2f5cf45",
    "text": "This is way too much effort for something like this. Also, this format is for clients, not for internal teams. It is overly verbose and forces the team to read through everything to get to what they need to do. \n\nDev teams should not be burdened by details. They should be provided with exact and clear actions. It is the job of the management to ensure that their efforts are correctly directed, so at the end, all the efforts will produce the broader business results necessary.",
    "team": "T355R0RT3",
    "blocks": [
      {
        "type": "rich_text",
        "block_id": "PLEyV",
        "elements": [
          {
            "type": "rich_text_section",
            "elements": [
              {
                "type": "text",
                "text": "This is way too much effort for something like this. Also, this format is for clients, not for internal teams. It is overly verbose and forces the team to read through everything to get to what they need to do. \n\nDev teams should not be burdened by details. They should be provided with exact and clear actions. It is the job of the management to ensure that their efforts are correctly directed, so at the end, all the efforts will produce the broader business results necessary."
              }
            ]
          }
        ]
      }
    ]
  },
  {
    "user": "UM3V8V1NK",
    "type": "message",
    "ts": "1769688065.083099",
    "client_msg_id": "c9e3ffbb-2f22-45fd-a7ee-3094add400af",
    "text": "Noted.",
    "team": "T355R0RT3",
    "blocks": [
      {
        "type": "rich_text",
        "block_id": "KWlUV",
        "elements": [
          {
            "type": "rich_text_section",
            "elements": [
              {
                "type": "text",
                "text": "Noted."
              }
            ]
          }
        ]
      }
    ]
  },
  {
    "user": "U02JFCNHKHB",
    "type": "message",
    "ts": "1769696737.684539",
    "client_msg_id": "37ff58ca-b98e-47a3-829b-de5474cb7c82",
    "text": "Where are we with the documents?",
    "team": "T355R0RT3",
    "blocks": [
      {
        "type": "rich_text",
        "block_id": "8qt27",
        "elements": [
          {
            "type": "rich_text_section",
            "elements": [
              {
                "type": "text",
                "text": "Where are we with the documents?"
              }
            ]
          }
        ]
      }
    ]
  },
  {
    "user": "UM3V8V1NK",
    "type": "message",
    "ts": "1769697301.316679",
    "client_msg_id": "105ba227-f04c-4fdd-9ff4-0d95ffbc52dc",
    "text": "All of the ERISA Outline Book chapters have been completed to the 3-level splits.\nChecking to ensure the docs are all in place within the ARA Document Repository. Will confirm in a few mins.",
    "team": "T355R0RT3",
    "thread_ts": "1769697301.316679",
    "reply_count": 1,
    "reply_users_count": 1,
    "latest_reply": "1769699133.357459",
    "reply_users": [
      "UM3V8V1NK"
    ],
    "is_locked": false,
    "subscribed": true,
    "last_read": "1769699133.357459",
    "blocks": [
      {
        "type": "rich_text",
        "block_id": "e22U5",
        "elements": [
          {
            "type": "rich_text_section",
            "elements": [
              {
                "type": "text",
                "text": "All of the ERISA Outline Book chapters have been completed to the 3-level splits.\nChecking to ensure the docs are all in place within the ARA Document Repository. Will confirm in a few mins."
              }
            ]
          }
        ]
      }
    ]
  },
  {
    "user": "U02JFCNHKHB",
    "type": "message",
    "ts": "1769697321.907559",
    "client_msg_id": "eb9697fd-0a8d-4dd1-bd69-ee64602707e9",
    "text": "Ok. Be prepared to upload them to prod on Friday",
    "team": "T355R0RT3",
    "blocks": [
      {
        "type": "rich_text",
        "block_id": "eNJ9O",
        "elements": [
          {
            "type": "rich_text_section",
            "elements": [
              {
                "type": "text",
                "text": "Ok. Be prepared to upload them to prod on Friday"
              }
            ]
          }
        ]
      }
    ]
  },
  {
    "user": "UM3V8V1NK",
    "type": "message",
    "ts": "1769697410.657199",
    "client_msg_id": "4dbdedb9-62bc-42b8-b093-b8b29ac7f857",
    "text": "Loads have been completed till Chapter 7 in Dev, and were being verified for responses.\n\nDo we want to skip Dev and push directly into prod and then verified in terms of responses?",
    "team": "T355R0RT3",
    "blocks": [
      {
        "type": "rich_text",
        "block_id": "8jDp0",
        "elements": [
          {
            "type": "rich_text_section",
            "elements": [
              {
                "type": "text",
                "text": "Loads have been completed till Chapter 7 in Dev, and were being verified for responses.\n\nDo we want to skip Dev and push directly into prod and then verified in terms of responses?"
              }
            ]
          }
        ]
      }
    ]
  },
  {
    "user": "U02JFCNHKHB",
    "type": "message",
    "ts": "1769697421.691819",
    "client_msg_id": "4622d492-b7c8-4e6a-9fe7-7f2e4a635d0c",
    "text": "Yeah",
    "team": "T355R0RT3",
    "blocks": [
      {
        "type": "rich_text",
        "block_id": "DD2hh",
        "elements": [
          {
            "type": "rich_text_section",
            "elements": [
              {
                "type": "text",
                "text": "Yeah"
              }
            ]
          }
        ]
      }
    ]
  },
  {
    "user": "U02JFCNHKHB",
    "type": "message",
    "ts": "1769697428.797239",
    "client_msg_id": "6581828b-5257-493f-8255-b2e5bf98e76f",
    "text": "Skip dev verifications",
    "team": "T355R0RT3",
    "blocks": [
      {
        "type": "rich_text",
        "block_id": "4A6AF",
        "elements": [
          {
            "type": "rich_text_section",
            "elements": [
              {
                "type": "text",
                "text": "Skip dev verifications"
              }
            ]
          }
        ]
      }
    ]
  },
  {
    "user": "U02JFCNHKHB",
    "type": "message",
    "ts": "1769697443.885199",
    "client_msg_id": "f5796931-6386-41f0-8778-cc16464fed49",
    "text": "Just do them in Prod, once you guys upload them tomorrow",
    "team": "T355R0RT3",
    "blocks": [
      {
        "type": "rich_text",
        "block_id": "Q3xKf",
        "elements": [
          {
            "type": "rich_text_section",
            "elements": [
              {
                "type": "text",
                "text": "Just do them in Prod, once you guys upload them tomorrow"
              }
            ]
          }
        ]
      }
    ],
    "reactions": [
      {
        "name": "+1",
        "users": [
          "UM3V8V1NK"
        ],
        "count": 1
      }
    ]
  },
  {
    "user": "U02JFCNHKHB",
    "type": "message",
    "ts": "1769697575.781049",
    "client_msg_id": "b63e53dd-1554-4c27-9c0a-98e3af4c239a",
    "text": "by \"prod\" I mean the demo site",
    "team": "T355R0RT3",
    "blocks": [
      {
        "type": "rich_text",
        "block_id": "BoUoc",
        "elements": [
          {
            "type": "rich_text_section",
            "elements": [
              {
                "type": "text",
                "text": "by \"prod\" I mean the demo site"
              }
            ]
          }
        ]
      }
    ]
  },
  {
    "user": "UM3V8V1NK",
    "type": "message",
    "ts": "1769697838.955949",
    "client_msg_id": "4f724250-1727-45f9-b3b2-ed63c20cad9e",
    "text": "Yup. Thank you for clarifying that. :+1:",
    "team": "T355R0RT3",
    "blocks": [
      {
        "type": "rich_text",
        "block_id": "e0CL1",
        "elements": [
          {
            "type": "rich_text_section",
            "elements": [
              {
                "type": "text",
                "text": "Yup. Thank you for clarifying that. "
              },
              {
                "type": "emoji",
                "name": "+1",
                "unicode": "1f44d"
              }
            ]
          }
        ]
      }
    ]
  },
  {
    "subtype": "thread_broadcast",
    "user": "UM3V8V1NK",
    "thread_ts": "1769697301.316679",
    "root": {
      "user": "UM3V8V1NK",
      "type": "message",
      "ts": "1769697301.316679",
      "client_msg_id": "105ba227-f04c-4fdd-9ff4-0d95ffbc52dc",
      "text": "All of the ERISA Outline Book chapters have been completed to the 3-level splits.\nChecking to ensure the docs are all in place within the ARA Document Repository. Will confirm in a few mins.",
      "team": "T355R0RT3",
      "thread_ts": "1769697301.316679",
      "reply_count": 1,
      "reply_users_count": 1,
      "latest_reply": "1769699133.357459",
      "reply_users": [
        "UM3V8V1NK"
      ],
      "is_locked": false,
      "subscribed": true,
      "last_read": "1769699133.357459",
      "blocks": [
        {
          "type": "rich_text",
          "block_id": "e22U5",
          "elements": [
            {
              "type": "rich_text_section",
              "elements": [
                {
                  "type": "text",
                  "text": "All of the ERISA Outline Book chapters have been completed to the 3-level splits.\nChecking to ensure the docs are all in place within the ARA Document Repository. Will confirm in a few mins."
                }
              ]
            }
          ]
        }
      ]
    },
    "type": "message",
    "ts": "1769699133.357459",
    "client_msg_id": "1bc2dd69-c98c-46be-ac54-0db2832f8f89",
    "text": "All of the documents are in place.\n<https://drive.google.com/drive/u/0/folders/1G0PlrlYO-wBv_rVLzgedZpVOQv31TIay|ARA Document Repository>\n• ERISA Outline Book (EOB)",
    "blocks": [
      {
        "type": "rich_text",
        "block_id": "gknLh",
        "elements": [
          {
            "type": "rich_text_section",
            "elements": [
              {
                "type": "text",
                "text": "All of the documents are in place.\n"
              },
              {
                "type": "link",
                "url": "https://drive.google.com/drive/u/0/folders/1G0PlrlYO-wBv_rVLzgedZpVOQv31TIay",
                "text": "ARA Document Repository"
              },
              {
                "type": "text",
                "text": "\n"
              }
            ]
          },
          {
            "type": "rich_text_list",
            "elements": [
              {
                "type": "rich_text_section",
                "elements": [
                  {
                    "type": "text",
                    "text": "ERISA Outline Book (EOB)"
                  }
                ]
              }
            ],
            "style": "bullet",
            "indent": 0,
            "border": 0
          }
        ]
      }
    ]
  },
  {
    "subtype": "thread_broadcast",
    "user": "UM3V8V1NK",
    "thread_ts": "1769685722.565819",
    "root": {
      "user": "UM3V8V1NK",
      "type": "message",
      "ts": "1769685722.565819",
      "client_msg_id": "d9aee0a1-5b38-4b7d-876f-7557c794c4c7",
      "text": "<@U02JFCNHKHB> QC Stage 1 is considered successful when:\n• Unclear concepts are consistently identified across real user inquiries.\n• Output is structured, stable, and reviewable.\n• No changes are observed in retrieval results or answers.\n• We agree the extracted data is useful for guiding Stage 2.\n• Sufficient data exists to design query rewrite logic with confidence.\n",
      "team": "T355R0RT3",
      "thread_ts": "1769685722.565819",
      "reply_count": 1,
      "reply_users_count": 1,
      "latest_reply": "1769701074.703749",
      "reply_users": [
        "UM3V8V1NK"
      ],
      "is_locked": false,
      "subscribed": true,
      "last_read": "1769701074.703749",
      "blocks": [
        {
          "type": "rich_text",
          "block_id": "/Y7cj",
          "elements": [
            {
              "type": "rich_text_section",
              "elements": [
                {
                  "type": "user",
                  "user_id": "U02JFCNHKHB"
                },
                {
                  "type": "text",
                  "text": " QC Stage 1 is considered successful when:\n"
                }
              ]
            },
            {
              "type": "rich_text_list",
              "elements": [
                {
                  "type": "rich_text_section",
                  "elements": [
                    {
                      "type": "text",
                      "text": "Unclear concepts are consistently identified across real user inquiries."
                    }
                  ]
                },
                {
                  "type": "rich_text_section",
                  "elements": [
                    {
                      "type": "text",
                      "text": "Output is structured, stable, and reviewable."
                    }
                  ]
                },
                {
                  "type": "rich_text_section",
                  "elements": [
                    {
                      "type": "text",
                      "text": "No changes are observed in retrieval results or answers."
                    }
                  ]
                },
                {
                  "type": "rich_text_section",
                  "elements": [
                    {
                      "type": "text",
                      "text": "We agree the extracted data is useful for guiding Stage 2."
                    }
                  ]
                },
                {
                  "type": "rich_text_section",
                  "elements": [
                    {
                      "type": "text",
                      "text": "Sufficient data exists to design query rewrite logic with confidence."
                    }
                  ]
                }
              ],
              "style": "bullet",
              "indent": 0,
              "border": 0
            },
            {
              "type": "rich_text_section",
              "elements": []
            }
          ]
        }
      ]
    },
    "type": "message",
    "ts": "1769701074.703749",
    "client_msg_id": "87c73916-73ee-42bc-abe7-16d9c88ef637",
    "text": "Soheb has submitted his update and deliverable as requested. This will be reviewed in the AM.",
    "blocks": [
      {
        "type": "rich_text",
        "block_id": "rbZWW",
        "elements": [
          {
            "type": "rich_text_section",
            "elements": [
              {
                "type": "text",
                "text": "Soheb has submitted his update and deliverable as requested. This will be reviewed in the AM."
              }
            ]
          }
        ]
      }
    ]
  }
]