[
  {
    "user": "UM3V8V1NK",
    "type": "message",
    "ts": "1768731512.057199",
    "client_msg_id": "61983451-B4D7-4448-9780-A4127B81E026",
    "text": "Anything needed on next steps, <@U02JFCNHKHB> ?",
    "team": "T355R0RT3",
    "blocks": [
      {
        "type": "rich_text",
        "block_id": "77S90",
        "elements": [
          {
            "type": "rich_text_section",
            "elements": [
              {
                "type": "text",
                "text": "Anything needed on next steps, "
              },
              {
                "type": "user",
                "user_id": "U02JFCNHKHB"
              },
              {
                "type": "text",
                "text": " ?"
              }
            ]
          }
        ]
      }
    ]
  },
  {
    "user": "U02JFCNHKHB",
    "type": "message",
    "ts": "1768734554.182739",
    "client_msg_id": "fa6ed98b-3667-4dcc-92e3-9f06f0f9527d",
    "text": "Split the other documents and upload them. I'll tune the responses",
    "team": "T355R0RT3",
    "blocks": [
      {
        "type": "rich_text",
        "block_id": "x0TTM",
        "elements": [
          {
            "type": "rich_text_section",
            "elements": [
              {
                "type": "text",
                "text": "Split the other documents and upload them. I'll tune the responses"
              }
            ]
          }
        ]
      }
    ],
    "reactions": [
      {
        "name": "+1",
        "users": [
          "UM3V8V1NK"
        ],
        "count": 1
      }
    ]
  },
  {
    "user": "UM3V8V1NK",
    "type": "message",
    "ts": "1768736892.674759",
    "client_msg_id": "F9758935-011D-48CF-93C6-B6A0BF855CEC",
    "text": "And the code logic can now be applied to our website, correct?",
    "team": "T355R0RT3",
    "blocks": [
      {
        "type": "rich_text",
        "block_id": "MgDc/",
        "elements": [
          {
            "type": "rich_text_section",
            "elements": [
              {
                "type": "text",
                "text": "And the code logic can now be applied to our website, correct?"
              }
            ]
          }
        ]
      }
    ]
  },
  {
    "user": "U02JFCNHKHB",
    "type": "message",
    "ts": "1768737158.550309",
    "client_msg_id": "23956ef9-686d-4106-a8d9-1a1b6433dadb",
    "text": "Yeah",
    "team": "T355R0RT3",
    "blocks": [
      {
        "type": "rich_text",
        "block_id": "Gx3tD",
        "elements": [
          {
            "type": "rich_text_section",
            "elements": [
              {
                "type": "text",
                "text": "Yeah"
              }
            ]
          }
        ]
      }
    ]
  },
  {
    "user": "U02JFCNHKHB",
    "type": "message",
    "ts": "1768741409.255849",
    "client_msg_id": "4480adc7-3be5-417f-b799-764102524c5a",
    "text": "But don't worry about our website right now. It's fine. Focus on ARA. The document splitting and rehydration process refinements need our full attention",
    "team": "T355R0RT3",
    "blocks": [
      {
        "type": "rich_text",
        "block_id": "Lo9g2",
        "elements": [
          {
            "type": "rich_text_section",
            "elements": [
              {
                "type": "text",
                "text": "But don't worry about our website right now. It's fine. Focus on ARA. The document splitting and rehydration process refinements need our full attention"
              }
            ]
          }
        ]
      }
    ],
    "reactions": [
      {
        "name": "+1",
        "users": [
          "UM3V8V1NK"
        ],
        "count": 1
      }
    ]
  },
  {
    "user": "U02JFCNHKHB",
    "type": "message",
    "ts": "1768751294.102969",
    "client_msg_id": "14e4647d-7dda-4042-a91f-fb528ff49a2b",
    "text": "How are you guys handling multiple top_k matches? In other words, how are you rehydrating, when there is more than one matched chunk?",
    "team": "T355R0RT3",
    "thread_ts": "1768751294.102969",
    "reply_count": 2,
    "reply_users_count": 2,
    "latest_reply": "1768752238.193779",
    "reply_users": [
      "U06EHNXKZ1D",
      "U02JFCNHKHB"
    ],
    "is_locked": false,
    "subscribed": false,
    "blocks": [
      {
        "type": "rich_text",
        "block_id": "7qog2",
        "elements": [
          {
            "type": "rich_text_section",
            "elements": [
              {
                "type": "text",
                "text": "How are you guys handling multiple top_k matches? In other words, how are you rehydrating, when there is more than one matched chunk?"
              }
            ]
          }
        ]
      }
    ]
  },
  {
    "user": "UM3V8V1NK",
    "type": "message",
    "ts": "1768751611.978369",
    "client_msg_id": "8fe2f780-bf85-424b-b19c-e13ae11b3055",
    "text": "Naresh is going to respond.",
    "team": "T355R0RT3",
    "blocks": [
      {
        "type": "rich_text",
        "block_id": "qge6b",
        "elements": [
          {
            "type": "rich_text_section",
            "elements": [
              {
                "type": "text",
                "text": "Naresh is going to respond."
              }
            ]
          }
        ]
      }
    ]
  },
  {
    "subtype": "thread_broadcast",
    "user": "U02JFCNHKHB",
    "thread_ts": "1768751294.102969",
    "root": {
      "user": "U02JFCNHKHB",
      "type": "message",
      "ts": "1768751294.102969",
      "client_msg_id": "14e4647d-7dda-4042-a91f-fb528ff49a2b",
      "text": "How are you guys handling multiple top_k matches? In other words, how are you rehydrating, when there is more than one matched chunk?",
      "team": "T355R0RT3",
      "thread_ts": "1768751294.102969",
      "reply_count": 2,
      "reply_users_count": 2,
      "latest_reply": "1768752238.193779",
      "reply_users": [
        "U06EHNXKZ1D",
        "U02JFCNHKHB"
      ],
      "is_locked": false,
      "subscribed": false,
      "blocks": [
        {
          "type": "rich_text",
          "block_id": "7qog2",
          "elements": [
            {
              "type": "rich_text_section",
              "elements": [
                {
                  "type": "text",
                  "text": "How are you guys handling multiple top_k matches? In other words, how are you rehydrating, when there is more than one matched chunk?"
                }
              ]
            }
          ]
        }
      ]
    },
    "type": "message",
    "ts": "1768752238.193779",
    "client_msg_id": "8c49236c-9799-4e38-8d53-c72b5427d5dc",
    "text": "Ok. That's actually very good.\n\nExpand that to all the chunks with a score above 0.5. The reason is all 5 might point to the exact document, since the document slices are so large. We will adjust that score later. 0.5 should work for now.\n\nFor example, the question \"When do I need to distribute the 402f notice?\" should match Part C and Part D. But since Part C is so big, top 5 will never get to Part D. Without Part D, the bot can only respond with \"I don't have that information\", even though Part D gives the exact answer.",
    "blocks": [
      {
        "type": "rich_text",
        "block_id": "UfzF/",
        "elements": [
          {
            "type": "rich_text_section",
            "elements": [
              {
                "type": "text",
                "text": "Ok. That's actually very good.\n\nExpand that to all the chunks with a score above 0.5. The reason is all 5 might point to the exact document, since the document slices are so large. We will adjust that score later. 0.5 should work for now.\n\nFor example, the question \"When do I need to distribute the 402f notice?\" should match Part C and Part D. But since Part C is so big, top 5 will never get to Part D. Without Part D, the bot can only respond with \"I don't have that information\", even though Part D gives the exact answer."
              }
            ]
          }
        ]
      }
    ],
    "reactions": [
      {
        "name": "+1",
        "users": [
          "U06EHNXKZ1D",
          "UM3V8V1NK"
        ],
        "count": 2
      }
    ]
  }
]