[
  {
    "user": "U08Q13RK6P4",
    "type": "message",
    "ts": "1770109095.859379",
    "client_msg_id": "489747f1-505f-4b8f-913f-bb3c20394b38",
    "text": "<@U02JFCNHKHB>\nBelow is the *rehydrated context for chunks with score ≥ 0.5*, based on the user question:\n*User Question:*\n&gt; _“Can a plan force out a distribution of $10,000?”_\nChunk → Document mapping (score ≥ 0.5):\n• *DocID:* `GfuVDAY7xF1HDGKKjX1W` — Chapter 7, Section V, Order 26\n_(Chapter_7_Section_V_Part_C.docx)_\n• *DocID:* `TPkkviQJ80IJ8h7Kv0Sd` — Chapter 3B, Section XI, Order 70\n_(Chapter_3B_Section_XI.docx)_\nThese documents were selected because the *vector DB returned chunk text with score ≥ 0.5* for the above question.\n\nExample (one matched chunk):\nDocument:\n<https://docs.google.com/document/d/1CCUQ59vcI1SEEqEMNbF3YBKQ0NIQDfwxw79oHIu2H_g/edit?tab=t.0>\n*DocID:* `TPkkviQJ80IJ8h7Kv0Sd` — Chapter 3B, Section XI, Order 70\n• *Yellow highlight* → text directly matched by the vector DB\n• *Ocean blue highlight* → sliced neighbor context added during rehydration\n(±3000 characters from previous and next chunks)\nThis document demonstrates the rehydration logic for *one matched chunk*.\nThe *same process repeats* for the other matched chunk:\n• *DocID:* `GfuVDAY7xF1HDGKKjX1W` — Chapter 7, Section V, Order 26\nSkipped documents\n• *Chapter 6*\n• *Chapter 13B*\nThese were skipped because *all returned chunk scores were &lt; 0.5*.",
    "team": "T355R0RT3",
    "blocks": [
      {
        "type": "rich_text",
        "block_id": "8SNQ8",
        "elements": [
          {
            "type": "rich_text_section",
            "elements": [
              {
                "type": "user",
                "user_id": "U02JFCNHKHB"
              },
              {
                "type": "text",
                "text": "\nBelow is the "
              },
              {
                "type": "text",
                "text": "rehydrated context for chunks with score ≥ 0.5",
                "style": {
                  "bold": true
                }
              },
              {
                "type": "text",
                "text": ", based on the user question:\n"
              },
              {
                "type": "text",
                "text": "User Question:",
                "style": {
                  "bold": true
                }
              },
              {
                "type": "text",
                "text": "\n"
              }
            ]
          },
          {
            "type": "rich_text_quote",
            "elements": [
              {
                "type": "text",
                "text": "“Can a plan force out a distribution of $10,000?”",
                "style": {
                  "italic": true
                }
              }
            ]
          },
          {
            "type": "rich_text_section",
            "elements": [
              {
                "type": "text",
                "text": "\nChunk → Document mapping (score ≥ 0.5):\n• "
              },
              {
                "type": "text",
                "text": "DocID:",
                "style": {
                  "bold": true
                }
              },
              {
                "type": "text",
                "text": " "
              },
              {
                "type": "text",
                "text": "GfuVDAY7xF1HDGKKjX1W",
                "style": {
                  "code": true
                }
              },
              {
                "type": "text",
                "text": " — Chapter 7, Section V, Order 26\n"
              },
              {
                "type": "text",
                "text": "(Chapter_7_Section_V_Part_C.docx)",
                "style": {
                  "italic": true
                }
              },
              {
                "type": "text",
                "text": "\n• "
              },
              {
                "type": "text",
                "text": "DocID:",
                "style": {
                  "bold": true
                }
              },
              {
                "type": "text",
                "text": " "
              },
              {
                "type": "text",
                "text": "TPkkviQJ80IJ8h7Kv0Sd",
                "style": {
                  "code": true
                }
              },
              {
                "type": "text",
                "text": " — Chapter 3B, Section XI, Order 70\n"
              },
              {
                "type": "text",
                "text": "(Chapter_3B_Section_XI.docx)",
                "style": {
                  "italic": true
                }
              },
              {
                "type": "text",
                "text": "\nThese documents were selected because the "
              },
              {
                "type": "text",
                "text": "vector DB returned chunk text with score ≥ 0.5",
                "style": {
                  "bold": true
                }
              },
              {
                "type": "text",
                "text": " for the above question.\n\nExample (one matched chunk):\nDocument:\n"
              },
              {
                "type": "link",
                "url": "https://docs.google.com/document/d/1CCUQ59vcI1SEEqEMNbF3YBKQ0NIQDfwxw79oHIu2H_g/edit?tab=t.0"
              },
              {
                "type": "text",
                "text": "\n"
              },
              {
                "type": "text",
                "text": "DocID:",
                "style": {
                  "bold": true
                }
              },
              {
                "type": "text",
                "text": " "
              },
              {
                "type": "text",
                "text": "TPkkviQJ80IJ8h7Kv0Sd",
                "style": {
                  "code": true
                }
              },
              {
                "type": "text",
                "text": " — Chapter 3B, Section XI, Order 70\n• "
              },
              {
                "type": "text",
                "text": "Yellow highlight",
                "style": {
                  "bold": true
                }
              },
              {
                "type": "text",
                "text": " → text directly matched by the vector DB\n• "
              },
              {
                "type": "text",
                "text": "Ocean blue highlight",
                "style": {
                  "bold": true
                }
              },
              {
                "type": "text",
                "text": " → sliced neighbor context added during rehydration\n(±3000 characters from previous and next chunks)\nThis document demonstrates the rehydration logic for "
              },
              {
                "type": "text",
                "text": "one matched chunk",
                "style": {
                  "bold": true
                }
              },
              {
                "type": "text",
                "text": ".\nThe "
              },
              {
                "type": "text",
                "text": "same process repeats",
                "style": {
                  "bold": true
                }
              },
              {
                "type": "text",
                "text": " for the other matched chunk:\n"
              }
            ]
          },
          {
            "type": "rich_text_list",
            "elements": [
              {
                "type": "rich_text_section",
                "elements": [
                  {
                    "type": "text",
                    "text": "DocID:",
                    "style": {
                      "bold": true
                    }
                  },
                  {
                    "type": "text",
                    "text": " "
                  },
                  {
                    "type": "text",
                    "text": "GfuVDAY7xF1HDGKKjX1W",
                    "style": {
                      "code": true
                    }
                  },
                  {
                    "type": "text",
                    "text": " — Chapter 7, Section V, Order 26"
                  }
                ]
              }
            ],
            "style": "bullet",
            "indent": 0,
            "border": 0
          },
          {
            "type": "rich_text_section",
            "elements": [
              {
                "type": "text",
                "text": "\nSkipped documents\n"
              }
            ]
          },
          {
            "type": "rich_text_list",
            "elements": [
              {
                "type": "rich_text_section",
                "elements": [
                  {
                    "type": "text",
                    "text": "Chapter 6",
                    "style": {
                      "bold": true
                    }
                  }
                ]
              },
              {
                "type": "rich_text_section",
                "elements": [
                  {
                    "type": "text",
                    "text": "Chapter 13B",
                    "style": {
                      "bold": true
                    }
                  }
                ]
              }
            ],
            "style": "bullet",
            "indent": 0,
            "border": 0
          },
          {
            "type": "rich_text_section",
            "elements": [
              {
                "type": "text",
                "text": "These were skipped because "
              },
              {
                "type": "text",
                "text": "all returned chunk scores were < 0.5",
                "style": {
                  "bold": true
                }
              },
              {
                "type": "text",
                "text": "."
              }
            ]
          }
        ]
      }
    ]
  },
  {
    "user": "U02JFCNHKHB",
    "type": "message",
    "ts": "1770109600.530309",
    "client_msg_id": "d5ccd088-1829-4f88-ae74-87e9d4acef9a",
    "text": "Okay, here are some changes:\n\n1. When cutting off the context, use the closest line break. This way, the entire paragraph is included. \n2. Always include the slice path as the source at the beginning of the context. Ex: `Source: Chapter 7, Section V, Part C`\nNow what happens when you have 2 chunks matching text blocks close to each other? Close enough to have overlapping contexts",
    "team": "T355R0RT3",
    "blocks": [
      {
        "type": "rich_text",
        "block_id": "gDCLE",
        "elements": [
          {
            "type": "rich_text_section",
            "elements": [
              {
                "type": "text",
                "text": "Okay, here are some changes:\n\n"
              }
            ]
          },
          {
            "type": "rich_text_list",
            "elements": [
              {
                "type": "rich_text_section",
                "elements": [
                  {
                    "type": "text",
                    "text": "When cutting off the context, use the closest line break. This way, the entire paragraph is included. "
                  }
                ]
              },
              {
                "type": "rich_text_section",
                "elements": [
                  {
                    "type": "text",
                    "text": "Always include the slice path as the source at the beginning of the context. Ex: "
                  },
                  {
                    "type": "text",
                    "text": "Source: Chapter 7, Section V, Part C",
                    "style": {
                      "code": true
                    }
                  }
                ]
              }
            ],
            "style": "ordered",
            "indent": 0,
            "offset": 0,
            "border": 0
          },
          {
            "type": "rich_text_section",
            "elements": [
              {
                "type": "text",
                "text": "\nNow what happens when you have 2 chunks matching text blocks close to each other? Close enough to have overlapping contexts"
              }
            ]
          }
        ]
      }
    ]
  },
  {
    "user": "U08Q13RK6P4",
    "type": "message",
    "ts": "1770115522.453079",
    "client_msg_id": "383bf2cc-a240-4be9-b41a-143be86329bc",
    "text": "<@U02JFCNHKHB>\nI tested this with a question whose answer depends on two consecutive chunks.\n*Current behavior:*\n• We take unique matched chunks (score ≥ threshold)\n• They are processed in ascending order\n• For each matched chunk, we add:\nOrder − 1 → PREV_LAST (last 3000 chars)\nOrder → CURR_FULL (entire matched chunk)\nOrder + 1 → NEXT_FIRST (first 3000 chars)\n*Issue observed:*\n• When matched chunks are consecutive, this approach causes overlapping context.\n• Example:\nOrder 2 matched → includes Order 1 (prev) and Order 3 (next)\nOrder 3 matched → includes Order 2 (prev) and Order 4 (next)\n• Result: Orders 2 and 3 are duplicated in the final context.\n\nWhen matched chunks are consecutive, can I handle it like this to *avoid overlapping context*?\n```Order 1 → PREV_LAST (last 3000 chars)\nOrder 2 → CURR_FULL (matched)\nOrder 3 → CURR_FULL (matched)\nOrder 4 → NEXT_FIRST (first 3000 chars)```\n",
    "team": "T355R0RT3",
    "blocks": [
      {
        "type": "rich_text",
        "block_id": "epDuW",
        "elements": [
          {
            "type": "rich_text_section",
            "elements": [
              {
                "type": "user",
                "user_id": "U02JFCNHKHB"
              },
              {
                "type": "text",
                "text": "\nI tested this with a question whose answer depends on two consecutive chunks.\n"
              },
              {
                "type": "text",
                "text": "Current behavior:",
                "style": {
                  "bold": true
                }
              },
              {
                "type": "text",
                "text": "\n• We take unique matched chunks (score ≥ threshold)\n• They are processed in ascending order\n• For each matched chunk, we add:\nOrder − 1 → PREV_LAST (last 3000 chars)\nOrder → CURR_FULL (entire matched chunk)\nOrder + 1 → NEXT_FIRST (first 3000 chars)\n"
              },
              {
                "type": "text",
                "text": "Issue observed:",
                "style": {
                  "bold": true
                }
              },
              {
                "type": "text",
                "text": "\n• When matched chunks are consecutive, this approach causes overlapping context.\n• Example:\nOrder 2 matched → includes Order 1 (prev) and Order 3 (next)\nOrder 3 matched → includes Order 2 (prev) and Order 4 (next)\n• Result: Orders 2 and 3 are duplicated in the final context.\n\nWhen matched chunks are consecutive, can I handle it like this to "
              },
              {
                "type": "text",
                "text": "avoid overlapping context",
                "style": {
                  "bold": true
                }
              },
              {
                "type": "text",
                "text": "?\n"
              }
            ]
          },
          {
            "type": "rich_text_preformatted",
            "elements": [
              {
                "type": "text",
                "text": "Order 1 → PREV_LAST (last 3000 chars)\nOrder 2 → CURR_FULL (matched)\nOrder 3 → CURR_FULL (matched)\nOrder 4 → NEXT_FIRST (first 3000 chars)"
              }
            ],
            "border": 0
          },
          {
            "type": "rich_text_section",
            "elements": []
          }
        ]
      }
    ]
  },
  {
    "user": "U02JFCNHKHB",
    "type": "message",
    "ts": "1770115969.442419",
    "client_msg_id": "c72d1452-fe90-4ddc-89c2-5d88da12887e",
    "text": "Yes, we need to specifically handle this. We can take this a step further. As long as two chunks are within X distance, we can combine them. When this happens, it usually means the entire section is relevant. But since we can't send the entire file, the least we can do is combine the closely matched ones.",
    "team": "T355R0RT3",
    "blocks": [
      {
        "type": "rich_text",
        "block_id": "jCSEN",
        "elements": [
          {
            "type": "rich_text_section",
            "elements": [
              {
                "type": "text",
                "text": "Yes, we need to specifically handle this. We can take this a step further. As long as two chunks are within X distance, we can combine them. When this happens, it usually means the entire section is relevant. But since we can't send the entire file, the least we can do is combine the closely matched ones."
              }
            ]
          }
        ]
      }
    ]
  },
  {
    "user": "U02JFCNHKHB",
    "type": "message",
    "ts": "1770116005.714199",
    "client_msg_id": "c4ed236b-652e-4cdf-a374-a094e2697036",
    "text": "We can't have overlapping contexts. That will cause problems on the LLM side",
    "team": "T355R0RT3",
    "blocks": [
      {
        "type": "rich_text",
        "block_id": "AO8Yk",
        "elements": [
          {
            "type": "rich_text_section",
            "elements": [
              {
                "type": "text",
                "text": "We can't have overlapping contexts. That will cause problems on the LLM side"
              }
            ]
          }
        ]
      }
    ],
    "reactions": [
      {
        "name": "+1",
        "users": [
          "U08Q13RK6P4"
        ],
        "count": 1
      }
    ]
  },
  {
    "user": "U08Q13RK6P4",
    "type": "message",
    "ts": "1770116196.229509",
    "client_msg_id": "800757a7-6644-4e28-a2dd-e31bd965e6e6",
    "text": "Okay, Thanks",
    "team": "T355R0RT3",
    "blocks": [
      {
        "type": "rich_text",
        "block_id": "FFkUh",
        "elements": [
          {
            "type": "rich_text_section",
            "elements": [
              {
                "type": "text",
                "text": "Okay, Thanks"
              }
            ]
          }
        ]
      }
    ]
  },
  {
    "user": "U02JFCNHKHB",
    "type": "message",
    "ts": "1770142039.997619",
    "client_msg_id": "2a0beb10-bcef-4439-820f-ee569d682257",
    "text": "Just demo'ed to Business. The overall response is \"pleasantly surprised with a growing excitement\". They were obviously cautious, since they have been burned twice now by people who knew nothing about AI but promised the world.",
    "team": "T355R0RT3",
    "blocks": [
      {
        "type": "rich_text",
        "block_id": "ynmHv",
        "elements": [
          {
            "type": "rich_text_section",
            "elements": [
              {
                "type": "text",
                "text": "Just demo'ed to Business. The overall response is \"pleasantly surprised with a growing excitement\". They were obviously cautious, since they have been burned twice now by people who knew nothing about AI but promised the world."
              }
            ]
          }
        ]
      }
    ],
    "reactions": [
      {
        "name": "clap",
        "users": [
          "UM3V8V1NK",
          "U06EHNXKZ1D",
          "U08Q13RK6P4"
        ],
        "count": 3
      }
    ]
  },
  {
    "user": "U02JFCNHKHB",
    "type": "message",
    "ts": "1770145531.836349",
    "client_msg_id": "26ac8cc8-013c-4078-9a0b-6585dd63ea0f",
    "text": "Chapter 14 Section II Part E.5.a.docx\n\nI found this. You guys weren't supposed to subdivide this far. Part E.5 is the deepest you were instructed to go. Remove all such occurrences.",
    "team": "T355R0RT3",
    "blocks": [
      {
        "type": "rich_text",
        "block_id": "iY/7/",
        "elements": [
          {
            "type": "rich_text_section",
            "elements": [
              {
                "type": "text",
                "text": "Chapter 14 Section II Part E.5.a.docx\n\nI found this. You guys weren't supposed to subdivide this far. Part E.5 is the deepest you were instructed to go. Remove all such occurrences."
              }
            ]
          }
        ]
      }
    ]
  }
]