[
  {
    "user": "UM3V8V1NK",
    "type": "message",
    "ts": "1768375194.737209",
    "client_msg_id": "992f8b7b-6f0c-4c42-b214-6e4bf622d8d7",
    "text": "How is it going <@U08Q13RK6P4> <@U06EHNXKZ1D>?",
    "team": "T355R0RT3",
    "blocks": [
      {
        "type": "rich_text",
        "block_id": "lyvS8",
        "elements": [
          {
            "type": "rich_text_section",
            "elements": [
              {
                "type": "text",
                "text": "How is it going "
              },
              {
                "type": "user",
                "user_id": "U08Q13RK6P4"
              },
              {
                "type": "text",
                "text": " "
              },
              {
                "type": "user",
                "user_id": "U06EHNXKZ1D"
              },
              {
                "type": "text",
                "text": "?"
              }
            ]
          }
        ]
      }
    ]
  },
  {
    "user": "UM3V8V1NK",
    "type": "message",
    "ts": "1768376088.766379",
    "client_msg_id": "76e778af-839f-4422-8cbf-8bdd2b176a47",
    "text": "<@U37KPJ30D> Are you available?",
    "team": "T355R0RT3",
    "blocks": [
      {
        "type": "rich_text",
        "block_id": "vUcee",
        "elements": [
          {
            "type": "rich_text_section",
            "elements": [
              {
                "type": "user",
                "user_id": "U37KPJ30D"
              },
              {
                "type": "text",
                "text": " Are you available?"
              }
            ]
          }
        ]
      }
    ]
  },
  {
    "user": "U37KPJ30D",
    "type": "message",
    "ts": "1768377391.511609",
    "client_msg_id": "0e50dad4-8b50-42e6-b6e6-1b4d8ad4c485",
    "text": "Lets catchup at 2",
    "team": "T355R0RT3",
    "blocks": [
      {
        "type": "rich_text",
        "block_id": "AFiKh",
        "elements": [
          {
            "type": "rich_text_section",
            "elements": [
              {
                "type": "text",
                "text": "Lets catchup at 2"
              }
            ]
          }
        ]
      }
    ],
    "reactions": [
      {
        "name": "+1",
        "users": [
          "U06EHNXKZ1D",
          "U08Q13RK6P4",
          "UM3V8V1NK"
        ],
        "count": 3
      }
    ]
  },
  {
    "user": "UM3V8V1NK",
    "type": "message",
    "ts": "1768379410.564909",
    "client_msg_id": "2f31970a-b1e6-4397-9faa-944db0aaed62",
    "text": "I am in ymc.",
    "team": "T355R0RT3",
    "blocks": [
      {
        "type": "rich_text",
        "block_id": "nmT4G",
        "elements": [
          {
            "type": "rich_text_section",
            "elements": [
              {
                "type": "text",
                "text": "I am in ymc."
              }
            ]
          }
        ]
      }
    ]
  },
  {
    "user": "U02JFCNHKHB",
    "type": "message",
    "ts": "1768390231.655379",
    "client_msg_id": "cfcff0b7-c62c-4c99-8e53-b5e3ad0150a2",
    "text": "How is this going?",
    "team": "T355R0RT3",
    "blocks": [
      {
        "type": "rich_text",
        "block_id": "7nxsH",
        "elements": [
          {
            "type": "rich_text_section",
            "elements": [
              {
                "type": "text",
                "text": "How is this going?"
              }
            ]
          }
        ]
      }
    ]
  },
  {
    "user": "U37KPJ30D",
    "type": "message",
    "ts": "1768391696.677979",
    "client_msg_id": "79023d18-3c70-4a4d-ae21-8bbaa69a55e1",
    "text": "Development is in progress across the steps we discussed Aris. So far clear on the approach.",
    "team": "T355R0RT3",
    "blocks": [
      {
        "type": "rich_text",
        "block_id": "rbLlH",
        "elements": [
          {
            "type": "rich_text_section",
            "elements": [
              {
                "type": "text",
                "text": "Development is in progress across the steps we discussed Aris. So far clear on the approach."
              }
            ]
          }
        ]
      }
    ]
  },
  {
    "user": "U02JFCNHKHB",
    "type": "message",
    "ts": "1768391746.325189",
    "client_msg_id": "f06a3ff7-ea14-47e2-a8f2-decbb135d849",
    "text": "The re-upload of chapter 6 should be done now, right?",
    "team": "T355R0RT3",
    "blocks": [
      {
        "type": "rich_text",
        "block_id": "Qxpp8",
        "elements": [
          {
            "type": "rich_text_section",
            "elements": [
              {
                "type": "text",
                "text": "The re-upload of chapter 6 should be done now, right?"
              }
            ]
          }
        ]
      }
    ]
  },
  {
    "user": "U37KPJ30D",
    "type": "message",
    "ts": "1768392092.220929",
    "client_msg_id": "cbc3d581-de9f-4c54-b1d6-d2be8dfa2ec1",
    "text": "Yes, chapter 6 has been manually split by sections and re-uploaded.",
    "team": "T355R0RT3",
    "blocks": [
      {
        "type": "rich_text",
        "block_id": "Jgqga",
        "elements": [
          {
            "type": "rich_text_section",
            "elements": [
              {
                "type": "text",
                "text": "Yes, chapter 6 has been manually split by sections and re-uploaded."
              }
            ]
          }
        ]
      }
    ]
  }
]