[
  {
    "user": "UM3V8V1NK",
    "type": "message",
    "ts": "1769071245.583059",
    "client_msg_id": "8bcbc791-6a30-4222-922e-e3450059dcf7",
    "text": "<@U06EHNXKZ1D> Can you please share the demo site URL here.",
    "team": "T355R0RT3",
    "blocks": [
      {
        "type": "rich_text",
        "block_id": "N/NZZ",
        "elements": [
          {
            "type": "rich_text_section",
            "elements": [
              {
                "type": "user",
                "user_id": "U06EHNXKZ1D"
              },
              {
                "type": "text",
                "text": " Can you please share the demo site URL here."
              }
            ]
          }
        ]
      }
    ]
  },
  {
    "user": "U06EHNXKZ1D",
    "type": "message",
    "ts": "1769072777.420179",
    "client_msg_id": "8354c433-6f7c-488e-976e-5273e3b77002",
    "text": "Demo site URL: <https://askerisa-447c5.web.app/>",
    "team": "T355R0RT3",
    "blocks": [
      {
        "type": "rich_text",
        "block_id": "PIEfl",
        "elements": [
          {
            "type": "rich_text_section",
            "elements": [
              {
                "type": "text",
                "text": "Demo site URL: "
              },
              {
                "type": "link",
                "url": "https://askerisa-447c5.web.app/"
              }
            ]
          }
        ]
      }
    ]
  },
  {
    "user": "U02JFCNHKHB",
    "type": "message",
    "ts": "1769079493.597669",
    "client_msg_id": "af802723-f3c8-433a-9c33-8908ea410c73",
    "text": "Yup, the text load speed on the demo site is perfect",
    "team": "T355R0RT3",
    "blocks": [
      {
        "type": "rich_text",
        "block_id": "Y3DpP",
        "elements": [
          {
            "type": "rich_text_section",
            "elements": [
              {
                "type": "text",
                "text": "Yup, the text load speed on the demo site is perfect"
              }
            ]
          }
        ]
      }
    ]
  },
  {
    "user": "U02JFCNHKHB",
    "type": "message",
    "ts": "1769079538.095909",
    "client_msg_id": "a9240fe1-c066-4fbb-8fc3-53acbee298bd",
    "text": "In that case, we need to move our own website as well to either the US or europe",
    "team": "T355R0RT3",
    "blocks": [
      {
        "type": "rich_text",
        "block_id": "N/8+u",
        "elements": [
          {
            "type": "rich_text_section",
            "elements": [
              {
                "type": "text",
                "text": "In that case, we need to move our own website as well to either the US or europe"
              }
            ]
          }
        ]
      }
    ]
  },
  {
    "user": "U08Q13RK6P4",
    "type": "message",
    "ts": "1769079709.464359",
    "client_msg_id": "de1be898-f3e9-4ef1-94ac-d660ea44ff66",
    "text": "<@U02JFCNHKHB> Earlier, the landing page text was being fetched directly from Firebase on the frontend without a backend endpoint. I’ve updated the logic to fetch this content via a new backend endpoint . With this change, even when enabling a Germany VPN, the text now loads within ~1 second—similar to India—so the response time is consistent across regions.",
    "team": "T355R0RT3",
    "blocks": [
      {
        "type": "rich_text",
        "block_id": "4VEYt",
        "elements": [
          {
            "type": "rich_text_section",
            "elements": [
              {
                "type": "user",
                "user_id": "U02JFCNHKHB"
              },
              {
                "type": "text",
                "text": " Earlier, the landing page text was being fetched directly from Firebase on the frontend without a backend endpoint. I’ve updated the logic to fetch this content via a new backend endpoint . With this change, even when enabling a Germany VPN, the text now loads within ~1 second—similar to India—so the response time is consistent across regions."
              }
            ]
          }
        ]
      }
    ]
  },
  {
    "user": "U08Q13RK6P4",
    "type": "message",
    "ts": "1769079940.298469",
    "client_msg_id": "47a52e54-7447-4da2-b354-a9e51af76b38",
    "text": "We will also be updating this on our *DevPixel website*",
    "team": "T355R0RT3",
    "blocks": [
      {
        "type": "rich_text",
        "block_id": "qHNVD",
        "elements": [
          {
            "type": "rich_text_section",
            "elements": [
              {
                "type": "text",
                "text": "We will also be updating this on our "
              },
              {
                "type": "text",
                "text": "DevPixel website",
                "style": {
                  "bold": true
                }
              }
            ]
          }
        ]
      }
    ]
  },
  {
    "user": "U02JFCNHKHB",
    "type": "message",
    "ts": "1769080112.683519",
    "client_msg_id": "60380a6e-fa72-4cb8-9a90-f968e51632ce",
    "text": "Oh nicely done! I just checked the ara dev url, and yup, it's fast now!",
    "team": "T355R0RT3",
    "blocks": [
      {
        "type": "rich_text",
        "block_id": "KCkfZ",
        "elements": [
          {
            "type": "rich_text_section",
            "elements": [
              {
                "type": "text",
                "text": "Oh nicely done! I just checked the ara dev url, and yup, it's fast now!"
              }
            ]
          }
        ]
      }
    ],
    "reactions": [
      {
        "name": "clap",
        "users": [
          "UM3V8V1NK"
        ],
        "count": 1
      }
    ]
  },
  {
    "user": "U02JFCNHKHB",
    "type": "message",
    "ts": "1769094658.910729",
    "client_msg_id": "f000ff77-cdc9-4785-a238-033009958afd",
    "text": "Just to confirm, the dev site and the demo site use separate AI bots, right? So demo can stay on Chapter 6 material, while dev can start adding other documents?",
    "team": "T355R0RT3",
    "thread_ts": "1769094658.910729",
    "reply_count": 3,
    "reply_users_count": 2,
    "latest_reply": "1769096550.455119",
    "reply_users": [
      "U06EHNXKZ1D",
      "U02JFCNHKHB"
    ],
    "is_locked": false,
    "subscribed": false,
    "blocks": [
      {
        "type": "rich_text",
        "block_id": "3XA2m",
        "elements": [
          {
            "type": "rich_text_section",
            "elements": [
              {
                "type": "text",
                "text": "Just to confirm, the dev site and the demo site use separate AI bots, right? So demo can stay on Chapter 6 material, while dev can start adding other documents?"
              }
            ]
          }
        ]
      }
    ]
  }
]