[
  {
    "subtype": "thread_broadcast",
    "user": "U37KPJ30D",
    "thread_ts": "1768823964.366929",
    "root": {
      "user": "U02JFCNHKHB",
      "type": "message",
      "ts": "1768823964.366929",
      "client_msg_id": "2d3a5e02-e7f6-4825-aadf-c136a3567abe",
      "text": "Well, the logic is a bit different now, since we have already split the sections. But the general flow is still the same:\n\n1. Use the document\n2. If too big, extract the texts with before and after content\nLater on, we can add neighboring logic within the same document in",
      "team": "T355R0RT3",
      "thread_ts": "1768823964.366929",
      "reply_count": 1,
      "reply_users_count": 1,
      "latest_reply": "1768900890.557799",
      "reply_users": [
        "U37KPJ30D"
      ],
      "is_locked": false,
      "subscribed": false,
      "blocks": [
        {
          "type": "rich_text",
          "block_id": "cRBxO",
          "elements": [
            {
              "type": "rich_text_section",
              "elements": [
                {
                  "type": "text",
                  "text": "Well, the logic is a bit different now, since we have already split the sections. But the general flow is still the same:\n\n"
                }
              ]
            },
            {
              "type": "rich_text_list",
              "elements": [
                {
                  "type": "rich_text_section",
                  "elements": [
                    {
                      "type": "text",
                      "text": "Use the document"
                    }
                  ]
                },
                {
                  "type": "rich_text_section",
                  "elements": [
                    {
                      "type": "text",
                      "text": "If too big, extract the texts with before and after content"
                    }
                  ]
                }
              ],
              "style": "ordered",
              "indent": 0,
              "offset": 0,
              "border": 0
            },
            {
              "type": "rich_text_section",
              "elements": [
                {
                  "type": "text",
                  "text": "\nLater on, we can add neighboring logic within the same document in"
                }
              ]
            }
          ]
        }
      ]
    },
    "type": "message",
    "ts": "1768900890.557799",
    "client_msg_id": "ead06162-4853-4232-8fb1-68e3faf83696",
    "text": "<@U02JFCNHKHB> Now that we've implemented the flow you mentioned. Is there anything else you would like us to research or validate around rehydration techniques or should we shift focus to a different next action item?",
    "blocks": [
      {
        "type": "rich_text",
        "block_id": "wFexe",
        "elements": [
          {
            "type": "rich_text_section",
            "elements": [
              {
                "type": "user",
                "user_id": "U02JFCNHKHB"
              },
              {
                "type": "text",
                "text": " Now that we've implemented the flow you mentioned. Is there anything else you would like us to research or validate around rehydration techniques or should we shift focus to a different next action item?"
              }
            ]
          }
        ]
      }
    ]
  },
  {
    "user": "U02JFCNHKHB",
    "type": "message",
    "ts": "1768901060.530759",
    "client_msg_id": "efca4315-cc13-47a6-ada6-4987adfa89b7",
    "text": "What's your next action item?",
    "team": "T355R0RT3",
    "blocks": [
      {
        "type": "rich_text",
        "block_id": "d3rfR",
        "elements": [
          {
            "type": "rich_text_section",
            "elements": [
              {
                "type": "text",
                "text": "What's your next action item?"
              }
            ]
          }
        ]
      }
    ]
  },
  {
    "user": "UM3V8V1NK",
    "type": "message",
    "ts": "1768901630.331559",
    "client_msg_id": "b6a2f8c6-b6c1-4cc1-8cc3-37052509b672",
    "text": "The other chapters are being broken down.",
    "team": "T355R0RT3",
    "blocks": [
      {
        "type": "rich_text",
        "block_id": "+GOw+",
        "elements": [
          {
            "type": "rich_text_section",
            "elements": [
              {
                "type": "text",
                "text": "The other chapters are being broken down."
              }
            ]
          }
        ]
      }
    ]
  },
  {
    "user": "U02JFCNHKHB",
    "type": "message",
    "ts": "1768901706.185789",
    "client_msg_id": "3bcd840e-a72f-4304-a4f3-bd24d6fd5fb2",
    "text": "But don't upload them",
    "team": "T355R0RT3",
    "blocks": [
      {
        "type": "rich_text",
        "block_id": "O5xvd",
        "elements": [
          {
            "type": "rich_text_section",
            "elements": [
              {
                "type": "text",
                "text": "But don't upload them"
              }
            ]
          }
        ]
      }
    ]
  },
  {
    "user": "U02JFCNHKHB",
    "type": "message",
    "ts": "1768901721.059219",
    "client_msg_id": "befdd4d2-6d71-4d50-98a0-4632d3ca9cb3",
    "text": "Check and adjust until chapter 6 answers are correct",
    "team": "T355R0RT3",
    "blocks": [
      {
        "type": "rich_text",
        "block_id": "eQymu",
        "elements": [
          {
            "type": "rich_text_section",
            "elements": [
              {
                "type": "text",
                "text": "Check and adjust until chapter 6 answers are correct"
              }
            ]
          }
        ]
      }
    ],
    "reactions": [
      {
        "name": "+1",
        "users": [
          "UM3V8V1NK"
        ],
        "count": 1
      }
    ]
  },
  {
    "user": "U02JFCNHKHB",
    "type": "message",
    "ts": "1768901937.065889",
    "client_msg_id": "030845b2-76b4-4cda-8b9a-2d056678a4da",
    "text": "Also, start making changes to the UI. Make it look more like a basic prototype",
    "team": "T355R0RT3",
    "thread_ts": "1768901937.065889",
    "reply_count": 1,
    "reply_users_count": 1,
    "latest_reply": "1768903118.298999",
    "reply_users": [
      "U094ZF0AUCT"
    ],
    "is_locked": false,
    "subscribed": false,
    "blocks": [
      {
        "type": "rich_text",
        "block_id": "/4uo3",
        "elements": [
          {
            "type": "rich_text_section",
            "elements": [
              {
                "type": "text",
                "text": "Also, start making changes to the UI. Make it look more like a basic prototype"
              }
            ]
          }
        ]
      }
    ]
  },
  {
    "user": "U02JFCNHKHB",
    "type": "message",
    "ts": "1768902546.932889",
    "client_msg_id": "893d7aaa-47b7-4ccb-a507-ac69975da8dc",
    "text": "Where's the folder with all the chapter 6 slices?",
    "team": "T355R0RT3",
    "blocks": [
      {
        "type": "rich_text",
        "block_id": "/L1hf",
        "elements": [
          {
            "type": "rich_text_section",
            "elements": [
              {
                "type": "text",
                "text": "Where's the folder with all the chapter 6 slices?"
              }
            ]
          }
        ]
      }
    ]
  },
  {
    "user": "UM3V8V1NK",
    "type": "message",
    "ts": "1768902644.548089",
    "client_msg_id": "29035acf-7470-4bec-8cb5-e9805285ebdb",
    "text": "UPLOADED - JAN 17\n<https://drive.google.com/drive/folders/1bGF_HRLA8OdA0lK8lA0rvp9x3SCJP5ip>",
    "team": "T355R0RT3",
    "blocks": [
      {
        "type": "rich_text",
        "block_id": "rTbEF",
        "elements": [
          {
            "type": "rich_text_section",
            "elements": [
              {
                "type": "text",
                "text": "UPLOADED - JAN 17\n"
              },
              {
                "type": "link",
                "url": "https://drive.google.com/drive/folders/1bGF_HRLA8OdA0lK8lA0rvp9x3SCJP5ip"
              }
            ]
          }
        ]
      }
    ]
  },
  {
    "user": "U02JFCNHKHB",
    "type": "message",
    "ts": "1768902848.283989",
    "client_msg_id": "aa8a1859-7b0b-4c19-92cf-a119a3f614b6",
    "text": "Could you clean it up to match what's been uploaded? You need to maintain a folder with what's in the db",
    "team": "T355R0RT3",
    "blocks": [
      {
        "type": "rich_text",
        "block_id": "fxzue",
        "elements": [
          {
            "type": "rich_text_section",
            "elements": [
              {
                "type": "text",
                "text": "Could you clean it up to match what's been uploaded? You need to maintain a folder with what's in the db"
              }
            ]
          }
        ]
      }
    ]
  },
  {
    "subtype": "thread_broadcast",
    "user": "U094ZF0AUCT",
    "thread_ts": "1768901937.065889",
    "root": {
      "user": "U02JFCNHKHB",
      "type": "message",
      "ts": "1768901937.065889",
      "client_msg_id": "030845b2-76b4-4cda-8b9a-2d056678a4da",
      "text": "Also, start making changes to the UI. Make it look more like a basic prototype",
      "team": "T355R0RT3",
      "thread_ts": "1768901937.065889",
      "reply_count": 1,
      "reply_users_count": 1,
      "latest_reply": "1768903118.298999",
      "reply_users": [
        "U094ZF0AUCT"
      ],
      "is_locked": false,
      "subscribed": false,
      "blocks": [
        {
          "type": "rich_text",
          "block_id": "/4uo3",
          "elements": [
            {
              "type": "rich_text_section",
              "elements": [
                {
                  "type": "text",
                  "text": "Also, start making changes to the UI. Make it look more like a basic prototype"
                }
              ]
            }
          ]
        }
      ]
    },
    "type": "message",
    "ts": "1768903118.298999",
    "client_msg_id": "FA6E8063-095E-481A-9F21-9710C9C1DED0",
    "text": "Hey <@U02JFCNHKHB> if you don't mind can you elaborate on this? basic in what sense or what purpose? Will make quick adjustments accordingly.",
    "blocks": [
      {
        "type": "rich_text",
        "block_id": "555qF",
        "elements": [
          {
            "type": "rich_text_section",
            "elements": [
              {
                "type": "text",
                "text": "Hey "
              },
              {
                "type": "user",
                "user_id": "U02JFCNHKHB"
              },
              {
                "type": "text",
                "text": " if you don't mind can you elaborate on this? basic in what sense or what purpose? Will make quick adjustments accordingly"
              },
              {
                "type": "text",
                "text": "."
              }
            ]
          }
        ]
      }
    ]
  },
  {
    "user": "U02JFCNHKHB",
    "type": "message",
    "ts": "1768903169.443969",
    "client_msg_id": "fb5a4fc5-54d1-4de0-9ac6-876a80faaca9",
    "text": "No design is needed. Switch everything to default boxes",
    "team": "T355R0RT3",
    "blocks": [
      {
        "type": "rich_text",
        "block_id": "t1d9O",
        "elements": [
          {
            "type": "rich_text_section",
            "elements": [
              {
                "type": "text",
                "text": "No design is needed. Switch everything to default boxes"
              }
            ]
          }
        ]
      }
    ],
    "reactions": [
      {
        "name": "+1",
        "users": [
          "U094ZF0AUCT"
        ],
        "count": 1
      }
    ]
  },
  {
    "user": "U02JFCNHKHB",
    "type": "message",
    "ts": "1768904017.024049",
    "client_msg_id": "1776a85b-b45f-4d09-a49f-ce718f1e1eeb",
    "text": "Actually, don't do anything to the UI, other than the following:\n\n1. landing page: Left align the lorem ipsum, and make it full width\n2. Response page: remove the upper right buttons, add more separation between paragraphs, lists, etc.\n3. Admin screen: Change it to match ARA, no need for background image, make the chunks automatically sorted by name",
    "team": "T355R0RT3",
    "blocks": [
      {
        "type": "rich_text",
        "block_id": "yst6B",
        "elements": [
          {
            "type": "rich_text_section",
            "elements": [
              {
                "type": "text",
                "text": "Actually, don't do anything to the UI, other than the following:\n\n"
              }
            ]
          },
          {
            "type": "rich_text_list",
            "elements": [
              {
                "type": "rich_text_section",
                "elements": [
                  {
                    "type": "text",
                    "text": "landing page: Left align the lorem ipsum, and make it full width"
                  }
                ]
              },
              {
                "type": "rich_text_section",
                "elements": [
                  {
                    "type": "text",
                    "text": "Response page: remove the upper right buttons, add more separation between paragraphs, lists, etc."
                  }
                ]
              },
              {
                "type": "rich_text_section",
                "elements": [
                  {
                    "type": "text",
                    "text": "Admin screen: Change it to match ARA, no need for background image, make the chunks automatically sorted by name"
                  }
                ]
              }
            ],
            "style": "ordered",
            "indent": 0,
            "border": 0
          }
        ]
      }
    ],
    "reactions": [
      {
        "name": "+1",
        "users": [
          "U06EHNXKZ1D",
          "UM3V8V1NK"
        ],
        "count": 2
      }
    ]
  },
  {
    "user": "U02JFCNHKHB",
    "type": "message",
    "ts": "1768904054.606509",
    "client_msg_id": "816207b5-cfdd-4367-ab69-f24b2c335cc8",
    "text": "For the landing page, figure out how to make the initial text load faster. It's way too slow for a simple database read",
    "team": "T355R0RT3",
    "blocks": [
      {
        "type": "rich_text",
        "block_id": "XFINO",
        "elements": [
          {
            "type": "rich_text_section",
            "elements": [
              {
                "type": "text",
                "text": "For the landing page, figure out how to make the initial text load faster. It's way too slow for a simple database read"
              }
            ]
          }
        ]
      }
    ]
  },
  {
    "user": "U02JFCNHKHB",
    "type": "message",
    "ts": "1768904173.706099",
    "client_msg_id": "5d6bd1d4-f894-4ad3-9fd4-767c9b5915e9",
    "text": "The description of the document is not correct. You guys pulled the first paragraph from the chapter. You need to feed the entire document into chatgpt and ask it to give you a short description\n\nAlso, make the description left aligned.",
    "team": "T355R0RT3",
    "thread_ts": "1768904173.706099",
    "reply_count": 1,
    "reply_users_count": 1,
    "latest_reply": "1768905890.789089",
    "reply_users": [
      "UM3V8V1NK"
    ],
    "is_locked": false,
    "subscribed": true,
    "last_read": "1768905890.789089",
    "blocks": [
      {
        "type": "rich_text",
        "block_id": "2mfl0",
        "elements": [
          {
            "type": "rich_text_section",
            "elements": [
              {
                "type": "text",
                "text": "The description of the document is not correct. You guys pulled the first paragraph from the chapter. You need to feed the entire document into chatgpt and ask it to give you a short description\n\nAlso, make the description left aligned."
              }
            ]
          }
        ]
      }
    ]
  },
  {
    "user": "U02JFCNHKHB",
    "type": "message",
    "ts": "1768904818.678769",
    "client_msg_id": "158bc8a9-fe60-4ba2-8270-badf84ae70b2",
    "text": "<@U37KPJ30D> No need to check the answers anymore. They are fine. I went through all of them. So, just work on the database response speed and get that resolved.",
    "team": "T355R0RT3",
    "blocks": [
      {
        "type": "rich_text",
        "block_id": "3hAeJ",
        "elements": [
          {
            "type": "rich_text_section",
            "elements": [
              {
                "type": "user",
                "user_id": "U37KPJ30D"
              },
              {
                "type": "text",
                "text": " No need to check the answers anymore. They are fine. I went through all of them. So, just work on the database response speed and get that resolved."
              }
            ]
          }
        ]
      }
    ],
    "reactions": [
      {
        "name": "+1",
        "users": [
          "U37KPJ30D"
        ],
        "count": 1
      }
    ]
  },
  {
    "user": "UM3V8V1NK",
    "type": "message",
    "ts": "1768905118.534949",
    "client_msg_id": "c3a0c6a4-0ea7-407e-828b-aae2c1de880e",
    "text": "Were in conversation with Abhi earlier. Looking into this now, and will do.",
    "team": "T355R0RT3",
    "blocks": [
      {
        "type": "rich_text",
        "block_id": "xsqry",
        "elements": [
          {
            "type": "rich_text_section",
            "elements": [
              {
                "type": "text",
                "text": "Were in conversation with Abhi earlier. Looking into this now, and will do."
              }
            ]
          }
        ]
      }
    ]
  },
  {
    "user": "UM3V8V1NK",
    "type": "message",
    "ts": "1768917025.403729",
    "client_msg_id": "8947619d-4223-482f-bb97-7b7b1c3342fb",
    "text": "<@U02JFCNHKHB> Apart from the database response speed, the rest of the changes are completed.\n<https://ara-askerisa.web.app/v1>\n<https://ara-askerisa-admin.web.app/>",
    "team": "T355R0RT3",
    "blocks": [
      {
        "type": "rich_text",
        "block_id": "H1u/P",
        "elements": [
          {
            "type": "rich_text_section",
            "elements": [
              {
                "type": "user",
                "user_id": "U02JFCNHKHB"
              },
              {
                "type": "text",
                "text": " Apart from the database response speed, the rest of the changes are completed.\n"
              },
              {
                "type": "link",
                "url": "https://ara-askerisa.web.app/v1"
              },
              {
                "type": "text",
                "text": "\n"
              },
              {
                "type": "link",
                "url": "https://ara-askerisa-admin.web.app/"
              }
            ]
          }
        ]
      }
    ]
  }
]