[
  {
    "subtype": "channel_name",
    "user": "U02JFCNHKHB",
    "old_name": "ara-erisa-bot",
    "name": "ara-askerisa",
    "text": "has renamed the channel from \"ara-erisa-bot\" to \"ara-askerisa\"",
    "type": "message",
    "ts": "1769623214.631169"
  },
  {
    "user": "UM3V8V1NK",
    "type": "message",
    "ts": "1769623531.952409",
    "client_msg_id": "141a7970-de84-4d18-ae62-91cd98ff2ff3",
    "text": "<@U02JFCNHKHB> Please find the first stage deliverable timeline.\n\n*Query Construction – Phase 1: Unclear Concept Detection*\nEstimated Effort: 6–8 hours\nDelivery: 29 January 26\nResource: Soheb\n\n*Scope*\n Build the first QC stage to determine whether a user query is clear before retrieval.\n\n*What’s Included*\n• LLM-based classification: CLEAR / UNCLEAR\n    ◦ Extract only unclear words or phrases verbatim from the query\n    ◦ Return strict JSON only:\n`{ \"isClear\": true|false, \"concepts\": [] }`\n    ◦ Backend logging for inputs, outputs, and debugging\n    ◦ Validation using real production queries\n*Out of Scope*\n    ◦ Query rewriting or clarification\n    ◦ Vector DB lookup or rehydration logic\n",
    "team": "T355R0RT3",
    "blocks": [
      {
        "type": "rich_text",
        "block_id": "+pP25",
        "elements": [
          {
            "type": "rich_text_section",
            "elements": [
              {
                "type": "user",
                "user_id": "U02JFCNHKHB"
              },
              {
                "type": "text",
                "text": " Please find the first stage deliverable timeline.\n\n"
              },
              {
                "type": "text",
                "text": "Query Construction – Phase 1: Unclear Concept Detection",
                "style": {
                  "bold": true
                }
              },
              {
                "type": "text",
                "text": "\nEstimated Effort: 6–8 hours\nDelivery: 29 January 26\nResource: Soheb\n\n"
              },
              {
                "type": "text",
                "text": "Scope",
                "style": {
                  "bold": true
                }
              },
              {
                "type": "text",
                "text": "\n Build the first QC stage to determine whether a user query is clear before retrieval.\n\n"
              },
              {
                "type": "text",
                "text": "What’s Included",
                "style": {
                  "bold": true
                }
              },
              {
                "type": "text",
                "text": "\n"
              }
            ]
          },
          {
            "type": "rich_text_list",
            "elements": [
              {
                "type": "rich_text_section",
                "elements": [
                  {
                    "type": "text",
                    "text": "LLM-based classification: CLEAR / UNCLEAR"
                  }
                ]
              }
            ],
            "style": "bullet",
            "indent": 0,
            "border": 0
          },
          {
            "type": "rich_text_list",
            "elements": [
              {
                "type": "rich_text_section",
                "elements": [
                  {
                    "type": "text",
                    "text": "Extract only unclear words or phrases verbatim from the query"
                  }
                ]
              },
              {
                "type": "rich_text_section",
                "elements": [
                  {
                    "type": "text",
                    "text": "Return strict JSON only:"
                  }
                ]
              }
            ],
            "style": "bullet",
            "indent": 1,
            "border": 0
          },
          {
            "type": "rich_text_section",
            "elements": [
              {
                "type": "text",
                "text": "{ \"isClear\": true|false, \"concepts\": [] }",
                "style": {
                  "code": true
                }
              },
              {
                "type": "text",
                "text": "\n"
              }
            ]
          },
          {
            "type": "rich_text_list",
            "elements": [
              {
                "type": "rich_text_section",
                "elements": [
                  {
                    "type": "text",
                    "text": "Backend logging for inputs, outputs, and debugging"
                  }
                ]
              },
              {
                "type": "rich_text_section",
                "elements": [
                  {
                    "type": "text",
                    "text": "Validation using real production queries"
                  }
                ]
              }
            ],
            "style": "bullet",
            "indent": 1,
            "border": 0
          },
          {
            "type": "rich_text_section",
            "elements": [
              {
                "type": "text",
                "text": "\n"
              },
              {
                "type": "text",
                "text": "Out of Scope",
                "style": {
                  "bold": true
                }
              },
              {
                "type": "text",
                "text": "\n"
              }
            ]
          },
          {
            "type": "rich_text_list",
            "elements": [
              {
                "type": "rich_text_section",
                "elements": [
                  {
                    "type": "text",
                    "text": "Query rewriting or clarification"
                  }
                ]
              },
              {
                "type": "rich_text_section",
                "elements": [
                  {
                    "type": "text",
                    "text": "Vector DB lookup or rehydration logic"
                  }
                ]
              }
            ],
            "style": "bullet",
            "indent": 1,
            "border": 0
          },
          {
            "type": "rich_text_section",
            "elements": []
          }
        ]
      }
    ]
  }
]