[
  {
    "subtype": "channel_join",
    "user": "U35PLGF3M",
    "text": "<@U35PLGF3M> has joined the channel",
    "inviter": "UM3V8V1NK",
    "type": "message",
    "ts": "1770032211.159309"
  },
  {
    "user": "U02JFCNHKHB",
    "type": "message",
    "ts": "1770035144.471919",
    "client_msg_id": "ed6aff73-2fdb-4309-b40c-309984a1f202",
    "text": "Where are we with the confirmations for demo site?",
    "team": "T355R0RT3",
    "blocks": [
      {
        "type": "rich_text",
        "block_id": "kZRPF",
        "elements": [
          {
            "type": "rich_text_section",
            "elements": [
              {
                "type": "text",
                "text": "Where are we with the confirmations for demo site?"
              }
            ]
          }
        ]
      }
    ]
  },
  {
    "user": "UM3V8V1NK",
    "type": "message",
    "ts": "1770035796.508519",
    "client_msg_id": "047c4477-7d48-487b-9455-89bd10fe56dc",
    "text": "All of the chapters are loaded and chunks verified, <@U02JFCNHKHB>.",
    "team": "T355R0RT3",
    "blocks": [
      {
        "type": "rich_text",
        "block_id": "9TGEc",
        "elements": [
          {
            "type": "rich_text_section",
            "elements": [
              {
                "type": "text",
                "text": "All of the chapters are loaded and chunks verified, "
              },
              {
                "type": "user",
                "user_id": "U02JFCNHKHB"
              },
              {
                "type": "text",
                "text": "."
              }
            ]
          }
        ]
      }
    ]
  },
  {
    "user": "U02JFCNHKHB",
    "type": "message",
    "ts": "1770035877.043819",
    "client_msg_id": "f8847860-93d4-4b68-9135-91a02accf07f",
    "text": "What does \"verified\" mean?",
    "team": "T355R0RT3",
    "blocks": [
      {
        "type": "rich_text",
        "block_id": "x6rUg",
        "elements": [
          {
            "type": "rich_text_section",
            "elements": [
              {
                "type": "text",
                "text": "What does \"verified\" mean?"
              }
            ]
          }
        ]
      }
    ]
  },
  {
    "user": "UM3V8V1NK",
    "type": "message",
    "ts": "1770035909.656829",
    "client_msg_id": "9e56bdc2-90ea-42d2-a0ec-69c21fdea5a6",
    "text": "Checked for any missing/duplicates etc.,",
    "team": "T355R0RT3",
    "blocks": [
      {
        "type": "rich_text",
        "block_id": "n6EGZ",
        "elements": [
          {
            "type": "rich_text_section",
            "elements": [
              {
                "type": "text",
                "text": "Checked for any missing/duplicates etc.,"
              }
            ]
          }
        ]
      }
    ]
  },
  {
    "user": "U02JFCNHKHB",
    "type": "message",
    "ts": "1770035950.056379",
    "client_msg_id": "d5666c5e-ce7e-4ea4-91fb-9cda0f9ee980",
    "text": "So you didn't check against the test questions?",
    "team": "T355R0RT3",
    "blocks": [
      {
        "type": "rich_text",
        "block_id": "bUfpT",
        "elements": [
          {
            "type": "rich_text_section",
            "elements": [
              {
                "type": "text",
                "text": "So you didn't check against the test questions?"
              }
            ]
          }
        ]
      }
    ]
  },
  {
    "user": "UM3V8V1NK",
    "type": "message",
    "ts": "1770035996.202199",
    "client_msg_id": "39b98aff-ce79-400e-9d0a-d89e03ec37c6",
    "text": "Those will be shared in a few. Checking with the team and shall get back.",
    "team": "T355R0RT3",
    "blocks": [
      {
        "type": "rich_text",
        "block_id": "ahkIc",
        "elements": [
          {
            "type": "rich_text_section",
            "elements": [
              {
                "type": "text",
                "text": "Those will be shared in a few. Checking with the team and shall get back."
              }
            ]
          }
        ]
      }
    ]
  },
  {
    "user": "U02JFCNHKHB",
    "type": "message",
    "ts": "1770036037.722539",
    "client_msg_id": "8d020979-7c6b-4d58-905b-ea9d3da3601e",
    "text": "Then don't say it's been verified. If I relied on that and confirmed with ARA, how would I explain it when things don't turn out as expected?",
    "team": "T355R0RT3",
    "blocks": [
      {
        "type": "rich_text",
        "block_id": "/IbZ/",
        "elements": [
          {
            "type": "rich_text_section",
            "elements": [
              {
                "type": "text",
                "text": "Then don't say it's been verified. If I relied on that and confirmed with ARA, how would I explain it when things don't turn out as expected?"
              }
            ]
          }
        ]
      }
    ]
  },
  {
    "user": "UM3V8V1NK",
    "type": "message",
    "ts": "1770036073.509749",
    "client_msg_id": "f9ad0414-51a2-4838-b3ed-c99d8b6cc2ae",
    "text": "Understood. Will share the responses captured, Aris.",
    "team": "T355R0RT3",
    "blocks": [
      {
        "type": "rich_text",
        "block_id": "oKcWC",
        "elements": [
          {
            "type": "rich_text_section",
            "elements": [
              {
                "type": "text",
                "text": "Understood. Will share the responses captured, Aris."
              }
            ]
          }
        ]
      }
    ]
  },
  {
    "user": "UM3V8V1NK",
    "type": "message",
    "ts": "1770042336.706239",
    "client_msg_id": "3ef441c3-9a40-47be-8d04-37e292398320",
    "text": "<@U02JFCNHKHB> Responses have been captured for all questions shared as part of the testing model.\nPlease refer to <https://docs.google.com/spreadsheets/d/1Qs6R-pTuJjwQevwYtxNdAxScrJ1U8SE7aQdJL03P6W8/edit?gid=326603092#gid=326603092|Ask ERISA Testing Model – LLM Test Outputs>, under the “List of Responses” tab for details.\n\nObservation\n• For this question 'Can a plan force out a distribution of $10,000?', source is mentioned as Chapter C, Section IV, Part D\nCould be a typo. The response pulled from chapter 7.",
    "team": "T355R0RT3",
    "blocks": [
      {
        "type": "rich_text",
        "block_id": "XzWCC",
        "elements": [
          {
            "type": "rich_text_section",
            "elements": [
              {
                "type": "user",
                "user_id": "U02JFCNHKHB"
              },
              {
                "type": "text",
                "text": " Responses have been captured for all questions shared as part of the testing model.\nPlease refer to "
              },
              {
                "type": "link",
                "url": "https://docs.google.com/spreadsheets/d/1Qs6R-pTuJjwQevwYtxNdAxScrJ1U8SE7aQdJL03P6W8/edit?gid=326603092#gid=326603092",
                "text": "Ask ERISA Testing Model – LLM Test Outputs"
              },
              {
                "type": "text",
                "text": ", under the “List of Responses” tab for details.\n\nObservation\n"
              }
            ]
          },
          {
            "type": "rich_text_list",
            "elements": [
              {
                "type": "rich_text_section",
                "elements": [
                  {
                    "type": "text",
                    "text": "For this question 'Can a plan force out a distribution of $10,000?', source is mentioned as Chapter C, Section IV, Part D"
                  }
                ]
              }
            ],
            "style": "bullet",
            "indent": 0,
            "border": 0
          },
          {
            "type": "rich_text_section",
            "elements": [
              {
                "type": "text",
                "text": "Could be a typo. The response pulled from chapter 7."
              }
            ]
          }
        ]
      }
    ]
  },
  {
    "user": "U02JFCNHKHB",
    "type": "message",
    "ts": "1770057211.900089",
    "client_msg_id": "e11239e0-7a71-4699-a4e1-bf23bd9324b6",
    "text": "Could one of you send me the context being sent to the LLM when the split file is too big to send as a whole? \n\nPick a split file, use part of it as the matched chunk, and run it through your algorithm to generate the exact output. Then, tell me which file it is, where the chunk is located, and the algorithm's exact output for them.",
    "team": "T355R0RT3",
    "blocks": [
      {
        "type": "rich_text",
        "block_id": "VUmu9",
        "elements": [
          {
            "type": "rich_text_section",
            "elements": [
              {
                "type": "text",
                "text": "Could one of you send me the context being sent to the LLM when the split file is too big to send as a whole? \n\nPick a split file, use part of it as the matched chunk, and run it through your algorithm to generate the exact output. Then, tell me which file it is, where the chunk is located, and the algorithm's exact output for them."
              }
            ]
          }
        ]
      }
    ]
  },
  {
    "user": "UM3V8V1NK",
    "type": "message",
    "ts": "1770057276.429289",
    "client_msg_id": "b1828cbd-bcf1-42aa-8283-0137c9f795dd",
    "text": "When do you need this by, Aris? Now or first thing in the AM works?",
    "team": "T355R0RT3",
    "blocks": [
      {
        "type": "rich_text",
        "block_id": "RptQ9",
        "elements": [
          {
            "type": "rich_text_section",
            "elements": [
              {
                "type": "text",
                "text": "When do you need this by, Aris? Now or first thing in the AM works?"
              }
            ]
          }
        ]
      }
    ]
  },
  {
    "user": "U02JFCNHKHB",
    "type": "message",
    "ts": "1770057495.113319",
    "client_msg_id": "0057d175-8acb-42eb-ad73-c231751cb85e",
    "text": "Tomorrow",
    "team": "T355R0RT3",
    "blocks": [
      {
        "type": "rich_text",
        "block_id": "s+10M",
        "elements": [
          {
            "type": "rich_text_section",
            "elements": [
              {
                "type": "text",
                "text": "Tomorrow"
              }
            ]
          }
        ]
      }
    ]
  },
  {
    "user": "U02JFCNHKHB",
    "type": "message",
    "ts": "1770057509.717619",
    "client_msg_id": "99c65a5a-6514-4aab-be6c-f75c1f997912",
    "text": "I think the rehydration is not correct",
    "team": "T355R0RT3",
    "thread_ts": "1770057509.717619",
    "reply_count": 2,
    "reply_users_count": 2,
    "latest_reply": "1770058331.735029",
    "reply_users": [
      "UM3V8V1NK",
      "U02JFCNHKHB"
    ],
    "is_locked": false,
    "subscribed": true,
    "last_read": "1770058331.735029",
    "blocks": [
      {
        "type": "rich_text",
        "block_id": "bFxcs",
        "elements": [
          {
            "type": "rich_text_section",
            "elements": [
              {
                "type": "text",
                "text": "I think the rehydration is not correct"
              }
            ]
          }
        ]
      }
    ]
  },
  {
    "user": "UM3V8V1NK",
    "type": "message",
    "ts": "1770057925.498879",
    "client_msg_id": "76d1acd3-809d-4f30-8855-8321f54d8552",
    "text": "Oh ok.\n<@U37KPJ30D> <@U08Q13RK6P4> Priority for tomorrow morning - completion of tracing for the rehydration check.",
    "team": "T355R0RT3",
    "blocks": [
      {
        "type": "rich_text",
        "block_id": "TIsbr",
        "elements": [
          {
            "type": "rich_text_section",
            "elements": [
              {
                "type": "text",
                "text": "Oh ok.\n"
              },
              {
                "type": "user",
                "user_id": "U37KPJ30D"
              },
              {
                "type": "text",
                "text": " "
              },
              {
                "type": "user",
                "user_id": "U08Q13RK6P4"
              },
              {
                "type": "text",
                "text": " Priority for tomorrow morning - completion of tracing for the rehydration check."
              }
            ]
          }
        ]
      }
    ],
    "reactions": [
      {
        "name": "+1",
        "users": [
          "U08Q13RK6P4"
        ],
        "count": 1
      }
    ]
  },
  {
    "subtype": "thread_broadcast",
    "user": "U02JFCNHKHB",
    "thread_ts": "1770057509.717619",
    "root": {
      "user": "U02JFCNHKHB",
      "type": "message",
      "ts": "1770057509.717619",
      "client_msg_id": "99c65a5a-6514-4aab-be6c-f75c1f997912",
      "text": "I think the rehydration is not correct",
      "team": "T355R0RT3",
      "thread_ts": "1770057509.717619",
      "reply_count": 2,
      "reply_users_count": 2,
      "latest_reply": "1770058331.735029",
      "reply_users": [
        "UM3V8V1NK",
        "U02JFCNHKHB"
      ],
      "is_locked": false,
      "subscribed": true,
      "last_read": "1770058331.735029",
      "blocks": [
        {
          "type": "rich_text",
          "block_id": "bFxcs",
          "elements": [
            {
              "type": "rich_text_section",
              "elements": [
                {
                  "type": "text",
                  "text": "I think the rehydration is not correct"
                }
              ]
            }
          ]
        }
      ]
    },
    "type": "message",
    "ts": "1770058331.735029",
    "client_msg_id": "4bcd6594-c9ef-40d9-b79a-af49bf5a0a71",
    "text": "I'm guessing when chunks are getting rehydrated, two things might be happening:\n\n1. The document reference path (Chapter 6, Section III, Part A) is lost\n2. Chunks close to each other are producing overlapping rehydrated contexts",
    "blocks": [
      {
        "type": "rich_text",
        "block_id": "pBT0R",
        "elements": [
          {
            "type": "rich_text_section",
            "elements": [
              {
                "type": "text",
                "text": "I'm guessing when chunks are getting rehydrated, two things might be happening:\n\n"
              }
            ]
          },
          {
            "type": "rich_text_list",
            "elements": [
              {
                "type": "rich_text_section",
                "elements": [
                  {
                    "type": "text",
                    "text": "The document reference path (Chapter 6, Section III, Part A) is lost"
                  }
                ]
              },
              {
                "type": "rich_text_section",
                "elements": [
                  {
                    "type": "text",
                    "text": "Chunks close to each other are producing overlapping rehydrated contexts"
                  }
                ]
              }
            ],
            "style": "ordered",
            "indent": 0,
            "offset": 0,
            "border": 0
          }
        ]
      }
    ]
  }
]