[
  {
    "user": "U02JFCNHKHB",
    "type": "message",
    "ts": "1767597503.912709",
    "client_msg_id": "ddd8524b-1336-45fa-b1db-57672aeb6fa2",
    "text": "<@UM3V8V1NK> Do you guys have all the access? Firebase, OpenAI, and Render",
    "team": "T355R0RT3",
    "blocks": [
      {
        "type": "rich_text",
        "block_id": "X2kyh",
        "elements": [
          {
            "type": "rich_text_section",
            "elements": [
              {
                "type": "user",
                "user_id": "UM3V8V1NK"
              },
              {
                "type": "text",
                "text": " Do you guys have all the access? Firebase, OpenAI, and Render"
              }
            ]
          }
        ]
      }
    ]
  },
  {
    "user": "UM3V8V1NK",
    "type": "message",
    "ts": "1767598139.691439",
    "client_msg_id": "90c13d88-33c4-4046-8d65-23d5080c2e1f",
    "text": "Did I miss any notifications? Checking the ara email now.",
    "team": "T355R0RT3",
    "blocks": [
      {
        "type": "rich_text",
        "block_id": "HiT1B",
        "elements": [
          {
            "type": "rich_text_section",
            "elements": [
              {
                "type": "text",
                "text": "Did I miss any notifications? Checking the ara email now."
              }
            ]
          }
        ]
      }
    ]
  },
  {
    "user": "U02JFCNHKHB",
    "type": "message",
    "ts": "1767598686.328739",
    "client_msg_id": "284862e8-c15e-474e-8ca4-16c6985f5467",
    "text": "Darren made the invitations last year... Was that mailbox not monitored?",
    "team": "T355R0RT3",
    "blocks": [
      {
        "type": "rich_text",
        "block_id": "GKM8D",
        "elements": [
          {
            "type": "rich_text_section",
            "elements": [
              {
                "type": "text",
                "text": "Darren made the invitations last year... Was that mailbox not monitored?"
              }
            ]
          }
        ]
      }
    ]
  },
  {
    "text": "I missed them Aris. I do see the notifications in here.\nThe OpenAI invite needs to be resent as it expired.",
    "files": [
      {
        "id": "F0A6QDW7022",
        "created": 1767598882,
        "timestamp": 1767598882,
        "name": "Screenshot 2026-01-05 at 1.09.30 PM.png",
        "title": "Screenshot 2026-01-05 at 1.09.30 PM.png",
        "mimetype": "image/png",
        "filetype": "png",
        "pretty_type": "PNG",
        "user": "UM3V8V1NK",
        "user_team": "T355R0RT3",
        "editable": false,
        "size": 164998,
        "mode": "hosted",
        "is_external": false,
        "external_type": "",
        "is_public": false,
        "public_url_shared": false,
        "display_as_bot": false,
        "username": "",
        "url_private": "https://files.slack.com/files-pri/T355R0RT3-F0A6QDW7022/screenshot_2026-01-05_at_1.09.30___pm.png",
        "url_private_download": "https://files.slack.com/files-pri/T355R0RT3-F0A6QDW7022/download/screenshot_2026-01-05_at_1.09.30___pm.png",
        "media_display_type": "unknown",
        "thumb_64": "https://files.slack.com/files-tmb/T355R0RT3-F0A6QDW7022-3955c0bc33/screenshot_2026-01-05_at_1.09.30___pm_64.png",
        "thumb_80": "https://files.slack.com/files-tmb/T355R0RT3-F0A6QDW7022-3955c0bc33/screenshot_2026-01-05_at_1.09.30___pm_80.png",
        "thumb_360": "https://files.slack.com/files-tmb/T355R0RT3-F0A6QDW7022-3955c0bc33/screenshot_2026-01-05_at_1.09.30___pm_360.png",
        "thumb_360_w": 360,
        "thumb_360_h": 214,
        "thumb_480": "https://files.slack.com/files-tmb/T355R0RT3-F0A6QDW7022-3955c0bc33/screenshot_2026-01-05_at_1.09.30___pm_480.png",
        "thumb_480_w": 480,
        "thumb_480_h": 285,
        "thumb_160": "https://files.slack.com/files-tmb/T355R0RT3-F0A6QDW7022-3955c0bc33/screenshot_2026-01-05_at_1.09.30___pm_160.png",
        "thumb_720": "https://files.slack.com/files-tmb/T355R0RT3-F0A6QDW7022-3955c0bc33/screenshot_2026-01-05_at_1.09.30___pm_720.png",
        "thumb_720_w": 720,
        "thumb_720_h": 428,
        "thumb_800": "https://files.slack.com/files-tmb/T355R0RT3-F0A6QDW7022-3955c0bc33/screenshot_2026-01-05_at_1.09.30___pm_800.png",
        "thumb_800_w": 800,
        "thumb_800_h": 475,
        "thumb_960": "https://files.slack.com/files-tmb/T355R0RT3-F0A6QDW7022-3955c0bc33/screenshot_2026-01-05_at_1.09.30___pm_960.png",
        "thumb_960_w": 960,
        "thumb_960_h": 571,
        "thumb_1024": "https://files.slack.com/files-tmb/T355R0RT3-F0A6QDW7022-3955c0bc33/screenshot_2026-01-05_at_1.09.30___pm_1024.png",
        "thumb_1024_w": 1024,
        "thumb_1024_h": 609,
        "original_w": 1474,
        "original_h": 876,
        "thumb_tiny": "AwAdADDQ2+vP40u1f8mjHvSOMgcE/Q47UALtHpRtHp+tAJycrx65paAG7Qe1GxQDhfenUUAFNkztyO3J5xTqCcAn0FADUG5c/Nz65FOpqZwQWJI7mn0ANDA9M/iCKUZ79aUDHcmkJwCfSgD/2Q==",
        "permalink": "https://devpixeled.slack.com/files/UM3V8V1NK/F0A6QDW7022/screenshot_2026-01-05_at_1.09.30___pm.png",
        "permalink_public": "https://slack-files.com/T355R0RT3-F0A6QDW7022-acd5efb8bd",
        "is_starred": false,
        "skipped_shares": true,
        "has_rich_preview": false,
        "file_access": "visible"
      }
    ],
    "upload": false,
    "user": "UM3V8V1NK",
    "display_as_bot": false,
    "blocks": [
      {
        "type": "rich_text",
        "block_id": "O/Wx5",
        "elements": [
          {
            "type": "rich_text_section",
            "elements": [
              {
                "type": "text",
                "text": "I missed them Aris. I do see the notifications in here.\nThe OpenAI invite needs to be resent as it expired."
              }
            ]
          }
        ]
      }
    ],
    "type": "message",
    "ts": "1767598912.581599",
    "client_msg_id": "199ac1cb-6e12-43a7-9362-1e0e4ed254a6"
  },
  {
    "user": "U02JFCNHKHB",
    "type": "message",
    "ts": "1767599002.873849",
    "client_msg_id": "a42064f9-4f13-4e6f-9911-ce4f625774f8",
    "text": "And render?",
    "team": "T355R0RT3",
    "blocks": [
      {
        "type": "rich_text",
        "block_id": "w53zT",
        "elements": [
          {
            "type": "rich_text_section",
            "elements": [
              {
                "type": "text",
                "text": "And render?"
              }
            ]
          }
        ]
      }
    ]
  },
  {
    "user": "UM3V8V1NK",
    "type": "message",
    "ts": "1767599071.086529",
    "client_msg_id": "ee188636-6176-4a28-bf8f-1da22ec53b2c",
    "text": "Render activated.",
    "team": "T355R0RT3",
    "blocks": [
      {
        "type": "rich_text",
        "block_id": "XLILk",
        "elements": [
          {
            "type": "rich_text_section",
            "elements": [
              {
                "type": "text",
                "text": "Render activated."
              }
            ]
          }
        ]
      }
    ]
  },
  {
    "user": "UM3V8V1NK",
    "type": "message",
    "ts": "1767599239.071729",
    "client_msg_id": "8f5613fc-0eea-4f87-a5e2-807a89ae1f43",
    "text": "Workspace invitation needs to be resent for Render also.",
    "team": "T355R0RT3",
    "blocks": [
      {
        "type": "rich_text",
        "block_id": "eWunh",
        "elements": [
          {
            "type": "rich_text_section",
            "elements": [
              {
                "type": "text",
                "text": "Workspace invitation needs to be resent for Render also."
              }
            ]
          }
        ]
      }
    ]
  },
  {
    "user": "U02JFCNHKHB",
    "type": "message",
    "ts": "1767599625.471099",
    "client_msg_id": "687e2144-8dc4-4948-ab87-9cda953d646c",
    "text": "What...",
    "team": "T355R0RT3",
    "blocks": [
      {
        "type": "rich_text",
        "block_id": "x6AU3",
        "elements": [
          {
            "type": "rich_text_section",
            "elements": [
              {
                "type": "text",
                "text": "What..."
              }
            ]
          }
        ]
      }
    ]
  },
  {
    "user": "U02JFCNHKHB",
    "type": "message",
    "ts": "1767599632.691139",
    "client_msg_id": "a831cb54-b7af-4afd-8ee6-fa8d7a3330b7",
    "text": "I already sent out the email",
    "team": "T355R0RT3",
    "blocks": [
      {
        "type": "rich_text",
        "block_id": "ofia4",
        "elements": [
          {
            "type": "rich_text_section",
            "elements": [
              {
                "type": "text",
                "text": "I already sent out the email"
              }
            ]
          }
        ]
      }
    ]
  },
  {
    "user": "U02JFCNHKHB",
    "type": "message",
    "ts": "1767599659.408769",
    "client_msg_id": "79bccf9d-a504-46cc-8316-412a0163c29b",
    "text": "These things need to be done at once, so we don't look disorganized and sending one by one",
    "team": "T355R0RT3",
    "blocks": [
      {
        "type": "rich_text",
        "block_id": "gvGLv",
        "elements": [
          {
            "type": "rich_text_section",
            "elements": [
              {
                "type": "text",
                "text": "These things need to be done at once, so we don't look disorganized and sending one by one"
              }
            ]
          }
        ]
      }
    ]
  },
  {
    "user": "U02JFCNHKHB",
    "type": "message",
    "ts": "1767599681.866429",
    "client_msg_id": "fac241fe-7d8b-4b5c-84a1-d871a38e9896",
    "text": "What else are you guys missing? This is the opposite of hitting the ground running",
    "team": "T355R0RT3",
    "blocks": [
      {
        "type": "rich_text",
        "block_id": "adMgo",
        "elements": [
          {
            "type": "rich_text_section",
            "elements": [
              {
                "type": "text",
                "text": "What else are you guys missing? This is the opposite of hitting the ground running"
              }
            ]
          }
        ]
      }
    ]
  },
  {
    "user": "U02JFCNHKHB",
    "type": "message",
    "ts": "1767599695.016389",
    "client_msg_id": "d1a5d83f-f7d3-48c6-a8a2-11fe624a51dc",
    "text": "Everything must be up today.",
    "team": "T355R0RT3",
    "blocks": [
      {
        "type": "rich_text",
        "block_id": "aFOOa",
        "elements": [
          {
            "type": "rich_text_section",
            "elements": [
              {
                "type": "text",
                "text": "Everything must be up today."
              }
            ]
          }
        ]
      }
    ]
  },
  {
    "user": "UM3V8V1NK",
    "type": "message",
    "ts": "1767599720.473939",
    "client_msg_id": "d168bd1c-355e-45b4-9514-f65aedfa1d49",
    "text": "Understood, Aris.",
    "team": "T355R0RT3",
    "blocks": [
      {
        "type": "rich_text",
        "block_id": "eQvO/",
        "elements": [
          {
            "type": "rich_text_section",
            "elements": [
              {
                "type": "text",
                "text": "Understood, Aris."
              }
            ]
          }
        ]
      }
    ]
  },
  {
    "user": "U02JFCNHKHB",
    "type": "message",
    "ts": "1767599756.492589",
    "client_msg_id": "5842e0d2-fd69-4abf-9c89-b12f0a41b6a5",
    "text": "Don't let this happen again",
    "team": "T355R0RT3",
    "blocks": [
      {
        "type": "rich_text",
        "block_id": "1kkB4",
        "elements": [
          {
            "type": "rich_text_section",
            "elements": [
              {
                "type": "text",
                "text": "Don't let this happen again"
              }
            ]
          }
        ]
      }
    ]
  },
  {
    "user": "UM3V8V1NK",
    "type": "message",
    "ts": "1767599775.246609",
    "client_msg_id": "83a4809d-3240-4c7f-8fa9-7c1d23ce94a0",
    "text": "Won't happen again.",
    "team": "T355R0RT3",
    "blocks": [
      {
        "type": "rich_text",
        "block_id": "eMQSo",
        "elements": [
          {
            "type": "rich_text_section",
            "elements": [
              {
                "type": "text",
                "text": "Won't happen again."
              }
            ]
          }
        ]
      }
    ]
  },
  {
    "user": "U02JFCNHKHB",
    "type": "message",
    "ts": "1767599819.790779",
    "client_msg_id": "0991d0b2-7e25-46ee-82ff-8877c3165f90",
    "text": "ARA is the highest priority. Do not be confused about this. This team can do everything else perfectly, and it wouldn't matter even the least bit with me, if this one gets screwed up.",
    "team": "T355R0RT3",
    "blocks": [
      {
        "type": "rich_text",
        "block_id": "4clCk",
        "elements": [
          {
            "type": "rich_text_section",
            "elements": [
              {
                "type": "text",
                "text": "ARA is the highest priority. Do not be confused about this. This team can do everything else perfectly, and it wouldn't matter even the least bit with me, if this one gets screwed up."
              }
            ]
          }
        ]
      }
    ]
  },
  {
    "user": "U02JFCNHKHB",
    "type": "message",
    "ts": "1767599841.266829",
    "client_msg_id": "e489d09c-d453-4147-94cb-f98f8fcd00a3",
    "text": "I need a list of all the things you guys are missing within the next 30 minutes.",
    "team": "T355R0RT3",
    "blocks": [
      {
        "type": "rich_text",
        "block_id": "orqxF",
        "elements": [
          {
            "type": "rich_text_section",
            "elements": [
              {
                "type": "text",
                "text": "I need a list of all the things you guys are missing within the next 30 minutes."
              }
            ]
          }
        ]
      }
    ]
  },
  {
    "user": "U02JFCNHKHB",
    "type": "message",
    "ts": "1767599875.153979",
    "client_msg_id": "76c3f251-f543-4c3a-8322-e33bb0a2dce6",
    "text": "It must be complete and having them must allow you all to get this project moving tomorrow without even the tiniest delays",
    "team": "T355R0RT3",
    "blocks": [
      {
        "type": "rich_text",
        "block_id": "4mWv/",
        "elements": [
          {
            "type": "rich_text_section",
            "elements": [
              {
                "type": "text",
                "text": "It must be complete and having them must allow you all to get this project moving tomorrow without even the tiniest delays"
              }
            ]
          }
        ]
      }
    ]
  },
  {
    "user": "UM3V8V1NK",
    "type": "message",
    "ts": "1767600666.468979",
    "client_msg_id": "e56ca510-758b-4caf-b5b5-979cc958bc4a",
    "text": "Can I add the one of the dev resource to this channel, <@U02JFCNHKHB>?",
    "team": "T355R0RT3",
    "blocks": [
      {
        "type": "rich_text",
        "block_id": "OuXVU",
        "elements": [
          {
            "type": "rich_text_section",
            "elements": [
              {
                "type": "text",
                "text": "Can I add the one of the dev resource to this channel, "
              },
              {
                "type": "user",
                "user_id": "U02JFCNHKHB"
              },
              {
                "type": "text",
                "text": "?"
              }
            ]
          }
        ]
      }
    ]
  },
  {
    "user": "U02JFCNHKHB",
    "type": "message",
    "ts": "1767600765.379949",
    "client_msg_id": "e32f71c7-474a-40e6-919c-8d8d5d58d861",
    "text": "Add everyone who needs to be on this",
    "team": "T355R0RT3",
    "blocks": [
      {
        "type": "rich_text",
        "block_id": "6OPGy",
        "elements": [
          {
            "type": "rich_text_section",
            "elements": [
              {
                "type": "text",
                "text": "Add everyone who needs to be on this"
              }
            ]
          }
        ]
      }
    ]
  },
  {
    "user": "U02JFCNHKHB",
    "type": "message",
    "ts": "1767600800.525189",
    "client_msg_id": "0a00722d-0899-4b4a-9860-9ec55f0b9e22",
    "text": "This is a live project that must be done by the end of this week. We must have an internal version done and running by Friday",
    "team": "T355R0RT3",
    "blocks": [
      {
        "type": "rich_text",
        "block_id": "4Ryo+",
        "elements": [
          {
            "type": "rich_text_section",
            "elements": [
              {
                "type": "text",
                "text": "This is a live project that must be done by the end of this week. We must have an internal version done and running by Friday"
              }
            ]
          }
        ]
      }
    ]
  },
  {
    "subtype": "channel_join",
    "user": "U06EHNXKZ1D",
    "text": "<@U06EHNXKZ1D> has joined the channel",
    "inviter": "UM3V8V1NK",
    "type": "message",
    "ts": "1767600804.630249"
  },
  {
    "subtype": "channel_join",
    "user": "U0A0LLMHPKP",
    "text": "<@U0A0LLMHPKP> has joined the channel",
    "inviter": "UM3V8V1NK",
    "type": "message",
    "ts": "1767600809.726129"
  },
  {
    "user": "U02JFCNHKHB",
    "type": "message",
    "ts": "1767601065.681619",
    "client_msg_id": "f2117f43-a01b-4cae-a58e-2ce91ffd232f",
    "text": "Remember, this should be an exact copy of our website",
    "team": "T355R0RT3",
    "blocks": [
      {
        "type": "rich_text",
        "block_id": "3FzLa",
        "elements": [
          {
            "type": "rich_text_section",
            "elements": [
              {
                "type": "text",
                "text": "Remember, this should be an exact copy of our website"
              }
            ]
          }
        ]
      }
    ],
    "reactions": [
      {
        "name": "+1",
        "users": [
          "U37KPJ30D"
        ],
        "count": 1
      }
    ]
  },
  {
    "user": "U37KPJ30D",
    "type": "message",
    "ts": "1767601072.429829",
    "client_msg_id": "cde0364b-f444-48ab-8de6-2282a6fc681f",
    "text": "Hi <@U02JFCNHKHB>. Can you please confirm if the Devpixel website existing behavior and functionality will remain the same when we clone it for the ARA project with different branding, or if there are any constraints or changes we should be aware of?",
    "team": "T355R0RT3",
    "blocks": [
      {
        "type": "rich_text",
        "block_id": "bU73M",
        "elements": [
          {
            "type": "rich_text_section",
            "elements": [
              {
                "type": "text",
                "text": "Hi "
              },
              {
                "type": "user",
                "user_id": "U02JFCNHKHB"
              },
              {
                "type": "text",
                "text": ". Can you please confirm if the Devpixel website existing behavior and functionality will remain the same when we clone it for the ARA project with different branding, or if there are any constraints or changes we should be aware of?"
              }
            ]
          }
        ]
      }
    ]
  },
  {
    "user": "U02JFCNHKHB",
    "type": "message",
    "ts": "1767601090.030369",
    "client_msg_id": "bd331abb-a52b-40fb-aff6-e83e73fade48",
    "text": "Once it is up and we can see the results, then we can think about what else to change",
    "team": "T355R0RT3",
    "blocks": [
      {
        "type": "rich_text",
        "block_id": "NoK9z",
        "elements": [
          {
            "type": "rich_text_section",
            "elements": [
              {
                "type": "text",
                "text": "Once it is up and we can see the results, then we can think about what else to change"
              }
            ]
          }
        ]
      }
    ]
  },
  {
    "user": "U02JFCNHKHB",
    "type": "message",
    "ts": "1767601101.251939",
    "client_msg_id": "3d7d5bac-cbe8-485c-8076-8d82af51c797",
    "text": "Yes, clone our website for this",
    "team": "T355R0RT3",
    "blocks": [
      {
        "type": "rich_text",
        "block_id": "gRsKZ",
        "elements": [
          {
            "type": "rich_text_section",
            "elements": [
              {
                "type": "text",
                "text": "Yes, clone our website for this"
              }
            ]
          }
        ]
      }
    ],
    "reactions": [
      {
        "name": "+1",
        "users": [
          "U37KPJ30D"
        ],
        "count": 1
      }
    ]
  },
  {
    "user": "U37KPJ30D",
    "type": "message",
    "ts": "1767601471.733599",
    "client_msg_id": "aee5e710-336c-4d89-99d5-098eb5cc62ea",
    "text": "<@U02JFCNHKHB> For the ARA project, should we continue using our existing Devpixel SEG Git repository for version control or would you prefer setting up a separate repository for ARA from business?",
    "team": "T355R0RT3",
    "blocks": [
      {
        "type": "rich_text",
        "block_id": "ehZNd",
        "elements": [
          {
            "type": "rich_text_section",
            "elements": [
              {
                "type": "user",
                "user_id": "U02JFCNHKHB"
              },
              {
                "type": "text",
                "text": " For the ARA project, should we continue using our existing Devpixel SEG Git repository for version control or would you prefer setting up a separate repository for ARA from business?"
              }
            ]
          }
        ]
      }
    ]
  },
  {
    "user": "U02JFCNHKHB",
    "type": "message",
    "ts": "1767601494.295719",
    "client_msg_id": "ce75dca7-080a-4ada-aa90-b39d0930e03e",
    "text": "Use ours for now",
    "team": "T355R0RT3",
    "blocks": [
      {
        "type": "rich_text",
        "block_id": "0FxaK",
        "elements": [
          {
            "type": "rich_text_section",
            "elements": [
              {
                "type": "text",
                "text": "Use ours for now"
              }
            ]
          }
        ]
      }
    ],
    "reactions": [
      {
        "name": "+1",
        "users": [
          "U37KPJ30D"
        ],
        "count": 1
      }
    ]
  },
  {
    "user": "UM3V8V1NK",
    "type": "message",
    "ts": "1767602434.749469",
    "client_msg_id": "d50dce78-f81a-44ab-ab49-79b48b10184b",
    "text": "Thinking of project environments - Dev and Prod. Is it better to get one setup for UAT also?",
    "team": "T355R0RT3",
    "blocks": [
      {
        "type": "rich_text",
        "block_id": "Wczxu",
        "elements": [
          {
            "type": "rich_text_section",
            "elements": [
              {
                "type": "text",
                "text": "Thinking of project environments - Dev and Prod. Is it better to get one setup for UAT also?"
              }
            ]
          }
        ]
      }
    ]
  },
  {
    "user": "U37KPJ30D",
    "type": "message",
    "ts": "1767602688.584829",
    "client_msg_id": "e4b0313a-718a-45a2-afe7-c1ec428b4528",
    "text": "Does ARA have an existing domain available for configuring the hosting DNS?",
    "team": "T355R0RT3",
    "blocks": [
      {
        "type": "rich_text",
        "block_id": "zbuGA",
        "elements": [
          {
            "type": "rich_text_section",
            "elements": [
              {
                "type": "text",
                "text": "Does ARA have an existing domain available for configuring the hosting DNS?"
              }
            ]
          }
        ]
      }
    ]
  },
  {
    "user": "U02JFCNHKHB",
    "type": "message",
    "ts": "1767602741.459889",
    "client_msg_id": "1e98aa33-55e9-496b-8011-13fd0e28d490",
    "text": "No. No domain for now. Use whatever that would be accessible for them",
    "team": "T355R0RT3",
    "blocks": [
      {
        "type": "rich_text",
        "block_id": "jHcMQ",
        "elements": [
          {
            "type": "rich_text_section",
            "elements": [
              {
                "type": "text",
                "text": "No. No domain for now. Use whatever that would be accessible for them"
              }
            ]
          }
        ]
      }
    ],
    "reactions": [
      {
        "name": "+1",
        "users": [
          "U37KPJ30D"
        ],
        "count": 1
      }
    ]
  },
  {
    "user": "U02JFCNHKHB",
    "type": "message",
    "ts": "1767602755.000589",
    "client_msg_id": "f6fc304a-4085-4fb4-8cf1-3fb6d2aa363a",
    "text": "No other environment. This one is the POC environment",
    "team": "T355R0RT3",
    "blocks": [
      {
        "type": "rich_text",
        "block_id": "QvwYM",
        "elements": [
          {
            "type": "rich_text_section",
            "elements": [
              {
                "type": "text",
                "text": "No other environment. This one is the POC environment"
              }
            ]
          }
        ]
      }
    ],
    "reactions": [
      {
        "name": "+1",
        "users": [
          "U37KPJ30D"
        ],
        "count": 1
      }
    ]
  },
  {
    "text": "We will start with loading only Chapter 6. Use the questions from this test sheet to see how close we are without additional adjustments.",
    "files": [
      {
        "id": "F0A6PDN6S05",
        "created": 1767603164,
        "timestamp": 1767603164,
        "name": "Ask ERISA Testing Model with Sources.xlsx",
        "title": "Ask ERISA Testing Model with Sources.xlsx",
        "mimetype": "application/vnd.openxmlformats-officedocument.spreadsheetml.sheet",
        "filetype": "xlsx",
        "pretty_type": "Excel Spreadsheet",
        "user": "U02JFCNHKHB",
        "user_team": "T355R0RT3",
        "editable": false,
        "size": 17890,
        "mode": "hosted",
        "is_external": false,
        "external_type": "",
        "is_public": false,
        "public_url_shared": false,
        "display_as_bot": false,
        "username": "",
        "url_private": "https://files.slack.com/files-pri/T355R0RT3-F0A6PDN6S05/ask_erisa_testing_model_with_sources.xlsx",
        "url_private_download": "https://files.slack.com/files-pri/T355R0RT3-F0A6PDN6S05/download/ask_erisa_testing_model_with_sources.xlsx",
        "media_display_type": "unknown",
        "converted_pdf": "https://files.slack.com/files-tmb/T355R0RT3-F0A6PDN6S05-c0c92e6caf/ask_erisa_testing_model_with_sources_converted.pdf",
        "thumb_pdf": "https://files.slack.com/files-tmb/T355R0RT3-F0A6PDN6S05-c0c92e6caf/ask_erisa_testing_model_with_sources_thumb_pdf.png",
        "thumb_pdf_w": 909,
        "thumb_pdf_h": 1286,
        "permalink": "https://devpixeled.slack.com/files/UM3V8V1NK/F0A6PDN6S05/ask_erisa_testing_model_with_sources.xlsx",
        "permalink_public": "https://slack-files.com/T355R0RT3-F0A6PDN6S05-bdd26de485",
        "is_starred": false,
        "skipped_shares": true,
        "has_rich_preview": false,
        "file_access": "visible"
      }
    ],
    "upload": false,
    "user": "U02JFCNHKHB",
    "display_as_bot": false,
    "blocks": [
      {
        "type": "rich_text",
        "block_id": "6WWA0",
        "elements": [
          {
            "type": "rich_text_section",
            "elements": [
              {
                "type": "text",
                "text": "We will start with loading only Chapter 6. Use the questions from this test sheet to see how close we are without additional adjustments."
              }
            ]
          }
        ]
      }
    ],
    "type": "message",
    "ts": "1767603210.961849",
    "client_msg_id": "b8600110-2b34-4b50-b222-96eee803a618",
    "reactions": [
      {
        "name": "+1",
        "users": [
          "U06EHNXKZ1D"
        ],
        "count": 1
      }
    ]
  },
  {
    "user": "U02JFCNHKHB",
    "type": "message",
    "ts": "1767603338.992019",
    "client_msg_id": "8031f7c6-e419-4c5b-acbd-eb10a28567bb",
    "text": "If we can confirm for chapter 6, then we can look into optimizations on this chapter alone. The goal is not having to send the entire chapter as the context. We need to play around until we find a balance point.",
    "team": "T355R0RT3",
    "blocks": [
      {
        "type": "rich_text",
        "block_id": "aj+3N",
        "elements": [
          {
            "type": "rich_text_section",
            "elements": [
              {
                "type": "text",
                "text": "If we can confirm for chapter 6, then we can look into optimizations on this chapter alone. The goal is not having to send the entire chapter as the context. We need to play around until we find a balance point."
              }
            ]
          }
        ]
      }
    ],
    "reactions": [
      {
        "name": "+1",
        "users": [
          "UM3V8V1NK"
        ],
        "count": 1
      }
    ]
  },
  {
    "user": "UM3V8V1NK",
    "type": "message",
    "ts": "1767603543.717379",
    "edited": {
      "user": "UM3V8V1NK",
      "ts": "1767603562.000000"
    },
    "client_msg_id": "f8f61df3-acc7-44fb-90ca-ef4499f5cbc6",
    "text": "*ARA Project – Architecture & Setup (POC)*\n• Firestore: Database only (not a server)\n• Backend: Node/Express hosted on Render *(access required)*\n• Frontend: React app hosted as a static site (Firebase Hosting or equivalent)\n• GitHub: Repos under DevPixel SEG \n• OpenAI: Accessed only via backend; keys stored in Render env vars *(access required)*\n• Environment: Single POC environment only\n• Branding & Domain: Out of scope for POC\n*Next steps today*\n• Clone the DevPixel website codebase and clean up unnecessary logic\n• Once Render and OpenAI access is received, configurations will be updated.",
    "team": "T355R0RT3",
    "blocks": [
      {
        "type": "rich_text",
        "block_id": "PDtJm",
        "elements": [
          {
            "type": "rich_text_section",
            "elements": [
              {
                "type": "text",
                "text": "ARA Project – Architecture & Setup (POC)",
                "style": {
                  "bold": true
                }
              },
              {
                "type": "text",
                "text": "\n"
              }
            ]
          },
          {
            "type": "rich_text_list",
            "elements": [
              {
                "type": "rich_text_section",
                "elements": [
                  {
                    "type": "text",
                    "text": "Firestore: Database only (not a server)"
                  }
                ]
              },
              {
                "type": "rich_text_section",
                "elements": [
                  {
                    "type": "text",
                    "text": "Backend: Node/Express hosted on Render "
                  },
                  {
                    "type": "text",
                    "text": "(access required)",
                    "style": {
                      "bold": true
                    }
                  }
                ]
              },
              {
                "type": "rich_text_section",
                "elements": [
                  {
                    "type": "text",
                    "text": "Frontend: React app hosted as a static site (Firebase Hosting or equivalent)"
                  }
                ]
              },
              {
                "type": "rich_text_section",
                "elements": [
                  {
                    "type": "text",
                    "text": "GitHub: Repos under DevPixel SEG "
                  }
                ]
              },
              {
                "type": "rich_text_section",
                "elements": [
                  {
                    "type": "text",
                    "text": "OpenAI: Accessed only via backend; keys stored in Render env vars "
                  },
                  {
                    "type": "text",
                    "text": "(access required)",
                    "style": {
                      "bold": true
                    }
                  }
                ]
              },
              {
                "type": "rich_text_section",
                "elements": [
                  {
                    "type": "text",
                    "text": "Environment: Single POC environment only"
                  }
                ]
              },
              {
                "type": "rich_text_section",
                "elements": [
                  {
                    "type": "text",
                    "text": "Branding & Domain: Out of scope for POC"
                  }
                ]
              }
            ],
            "style": "bullet",
            "indent": 0,
            "border": 0
          },
          {
            "type": "rich_text_section",
            "elements": [
              {
                "type": "text",
                "text": "\n"
              },
              {
                "type": "text",
                "text": "Next steps today",
                "style": {
                  "bold": true
                }
              },
              {
                "type": "text",
                "text": "\n"
              }
            ]
          },
          {
            "type": "rich_text_list",
            "elements": [
              {
                "type": "rich_text_section",
                "elements": [
                  {
                    "type": "text",
                    "text": "Clone the DevPixel website codebase and clean up unnecessary logic"
                  }
                ]
              },
              {
                "type": "rich_text_section",
                "elements": [
                  {
                    "type": "text",
                    "text": "Once Render and OpenAI access is received, configurations will be updated."
                  }
                ]
              }
            ],
            "style": "bullet",
            "indent": 0,
            "border": 0
          }
        ]
      }
    ]
  },
  {
    "subtype": "channel_join",
    "user": "U08Q13RK6P4",
    "text": "<@U08Q13RK6P4> has joined the channel",
    "inviter": "UM3V8V1NK",
    "type": "message",
    "ts": "1767609877.018689"
  },
  {
    "subtype": "channel_join",
    "user": "U094ZF0AUCT",
    "text": "<@U094ZF0AUCT> has joined the channel",
    "inviter": "UM3V8V1NK",
    "type": "message",
    "ts": "1767610031.283489"
  },
  {
    "user": "U37KPJ30D",
    "type": "message",
    "ts": "1767616754.879519",
    "client_msg_id": "4fd5c0ab-8434-446c-a0dd-ec9eddd3567e",
    "text": "<@U02JFCNHKHB> We need one additional permission for the Firestore setup. Could you please inform to Darren to grant `datastore.databases.create` in Google IAM for our user? All other required permissions (including Firebase Hosting and real-time access) are already enabled.",
    "team": "T355R0RT3",
    "thread_ts": "1767616754.879519",
    "reply_count": 4,
    "reply_users_count": 2,
    "latest_reply": "1767803352.607049",
    "reply_users": [
      "U37KPJ30D",
      "U02JFCNHKHB"
    ],
    "is_locked": false,
    "subscribed": false,
    "blocks": [
      {
        "type": "rich_text",
        "block_id": "xAXmy",
        "elements": [
          {
            "type": "rich_text_section",
            "elements": [
              {
                "type": "user",
                "user_id": "U02JFCNHKHB"
              },
              {
                "type": "text",
                "text": " We need one additional permission for the Firestore setup. Could you please inform to Darren to grant "
              },
              {
                "type": "text",
                "text": "datastore.databases.create",
                "style": {
                  "code": true
                }
              },
              {
                "type": "text",
                "text": " in Google IAM for our user? All other required permissions (including Firebase Hosting and real-time access) are already enabled."
              }
            ]
          }
        ]
      }
    ]
  },
  {
    "user": "U02JFCNHKHB",
    "type": "message",
    "ts": "1767616854.782359",
    "client_msg_id": "4f7765ee-e385-4b3a-8370-2a40b82a57f5",
    "text": "Done. I sent him a message",
    "team": "T355R0RT3",
    "blocks": [
      {
        "type": "rich_text",
        "block_id": "L/X3N",
        "elements": [
          {
            "type": "rich_text_section",
            "elements": [
              {
                "type": "text",
                "text": "Done. I sent him a message"
              }
            ]
          }
        ]
      }
    ]
  },
  {
    "user": "U02JFCNHKHB",
    "type": "message",
    "ts": "1767620702.523779",
    "client_msg_id": "6b1f36fd-dd2a-4a5a-9dc6-41d1f9f438ac",
    "text": "Darren said:\n\nAris,\n\n \n\nI just resent the invitation to <mailto:ara-team-1@devpixel.com|ara-team-1@devpixel.com> (you also have an admin account).  I have also creted an API key as a service account, that information is below.   \n\n \n\nOnce logging in, there are two organizations: American Retirement Association and ASPPA.  I have created a project called AskErisa under the org American Retirement Association with the below API key as a service account.\n\n \n\nAPI Key: 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\n\n \n\nPlease let me know if this doesn’t work of you need anything else.\n\n \n\nDarren",
    "team": "T355R0RT3",
    "blocks": [
      {
        "type": "rich_text",
        "block_id": "/whhl",
        "elements": [
          {
            "type": "rich_text_section",
            "elements": [
              {
                "type": "text",
                "text": "Darren said:\n\nAris,\n\n \n\nI just resent the invitation to "
              },
              {
                "type": "link",
                "url": "mailto:ara-team-1@devpixel.com",
                "text": "ara-team-1@devpixel.com"
              },
              {
                "type": "text",
                "text": " (you also have an admin account).  I have also creted an API key as a service account, that information is below.   \n\n \n\nOnce logging in, there are two organizations: American Retirement Association and ASPPA.  I have created a project called AskErisa under the org American Retirement Association with the below API key as a service account.\n\n \n\nAPI Key: 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\n\n \n\nPlease let me know if this doesn’t work of you need anything else.\n\n \n\nDarren"
              }
            ]
          }
        ]
      }
    ]
  },
  {
    "user": "UM3V8V1NK",
    "type": "message",
    "ts": "1767621018.651359",
    "client_msg_id": "db50d7c8-c925-4d73-bb8c-7ecc095fd8d4",
    "text": "I see the invite, Aris.",
    "team": "T355R0RT3",
    "blocks": [
      {
        "type": "rich_text",
        "block_id": "86UT1",
        "elements": [
          {
            "type": "rich_text_section",
            "elements": [
              {
                "type": "text",
                "text": "I see the invite, Aris."
              }
            ]
          }
        ]
      }
    ]
  },
  {
    "user": "U02JFCNHKHB",
    "type": "message",
    "ts": "1767621142.988679",
    "client_msg_id": "522b709d-e8ab-4c7f-a03b-2733e47c7c74",
    "text": ":+1:",
    "team": "T355R0RT3",
    "blocks": [
      {
        "type": "rich_text",
        "block_id": "/JrCR",
        "elements": [
          {
            "type": "rich_text_section",
            "elements": [
              {
                "type": "emoji",
                "name": "+1",
                "unicode": "1f44d"
              }
            ]
          }
        ]
      }
    ]
  },
  {
    "text": "I do not see the ASPPA organization <@U37KPJ30D>.",
    "files": [
      {
        "id": "F0A77HL1RKK",
        "created": 1767621672,
        "timestamp": 1767621672,
        "name": "Screenshot 2026-01-05 at 7.23.58 PM.png",
        "title": "Screenshot 2026-01-05 at 7.23.58 PM.png",
        "mimetype": "image/png",
        "filetype": "png",
        "pretty_type": "PNG",
        "user": "UM3V8V1NK",
        "user_team": "T355R0RT3",
        "editable": false,
        "size": 35230,
        "mode": "hosted",
        "is_external": false,
        "external_type": "",
        "is_public": false,
        "public_url_shared": false,
        "display_as_bot": false,
        "username": "",
        "url_private": "https://files.slack.com/files-pri/T355R0RT3-F0A77HL1RKK/screenshot_2026-01-05_at_7.23.58___pm.png",
        "url_private_download": "https://files.slack.com/files-pri/T355R0RT3-F0A77HL1RKK/download/screenshot_2026-01-05_at_7.23.58___pm.png",
        "media_display_type": "unknown",
        "thumb_64": "https://files.slack.com/files-tmb/T355R0RT3-F0A77HL1RKK-7ebe5efbdf/screenshot_2026-01-05_at_7.23.58___pm_64.png",
        "thumb_80": "https://files.slack.com/files-tmb/T355R0RT3-F0A77HL1RKK-7ebe5efbdf/screenshot_2026-01-05_at_7.23.58___pm_80.png",
        "thumb_360": "https://files.slack.com/files-tmb/T355R0RT3-F0A77HL1RKK-7ebe5efbdf/screenshot_2026-01-05_at_7.23.58___pm_360.png",
        "thumb_360_w": 360,
        "thumb_360_h": 170,
        "thumb_480": "https://files.slack.com/files-tmb/T355R0RT3-F0A77HL1RKK-7ebe5efbdf/screenshot_2026-01-05_at_7.23.58___pm_480.png",
        "thumb_480_w": 480,
        "thumb_480_h": 226,
        "thumb_160": "https://files.slack.com/files-tmb/T355R0RT3-F0A77HL1RKK-7ebe5efbdf/screenshot_2026-01-05_at_7.23.58___pm_160.png",
        "original_w": 613,
        "original_h": 289,
        "thumb_tiny": "AwAXADC+rk5+Ujkjn/8AXSMu7qG9ODj+tKMdcY+poIBOaAG+Vx/Hx/tH/GgKeuGz6U/GSfmI5z2pSoJzu7+1ADdlG33pwAHQ0457UARBFJ3FRnJ7c07ApaKAHDpRQOlFABRRRQB//9k=",
        "permalink": "https://devpixeled.slack.com/files/UM3V8V1NK/F0A77HL1RKK/screenshot_2026-01-05_at_7.23.58___pm.png",
        "permalink_public": "https://slack-files.com/T355R0RT3-F0A77HL1RKK-7304f77eaf",
        "is_starred": false,
        "skipped_shares": true,
        "has_rich_preview": false,
        "file_access": "visible"
      }
    ],
    "upload": false,
    "user": "UM3V8V1NK",
    "display_as_bot": false,
    "blocks": [
      {
        "type": "rich_text",
        "block_id": "WMMro",
        "elements": [
          {
            "type": "rich_text_section",
            "elements": [
              {
                "type": "text",
                "text": "I do not see the ASPPA organization "
              },
              {
                "type": "user",
                "user_id": "U37KPJ30D"
              },
              {
                "type": "text",
                "text": "."
              }
            ]
          }
        ]
      }
    ],
    "type": "message",
    "ts": "1767621697.972529",
    "client_msg_id": "4f06a244-f715-4286-8dc0-783ce809c63f"
  },
  {
    "user": "UM3V8V1NK",
    "type": "message",
    "ts": "1767621787.173439",
    "client_msg_id": "955c9364-a804-48eb-9623-1839356c7c8d",
    "text": "And within the American Retirement Association, I do not see any projects listed.",
    "team": "T355R0RT3",
    "blocks": [
      {
        "type": "rich_text",
        "block_id": "6bGhf",
        "elements": [
          {
            "type": "rich_text_section",
            "elements": [
              {
                "type": "text",
                "text": "And within the American Retirement Association, I do not see any projects listed."
              }
            ]
          }
        ]
      }
    ]
  },
  {
    "user": "UM3V8V1NK",
    "type": "message",
    "ts": "1767622686.398049",
    "client_msg_id": "079ee7c5-cbe6-48a6-a5b5-bfe33acda4c4",
    "text": "It seems like there is no direct traversal here from the overview page.",
    "team": "T355R0RT3",
    "blocks": [
      {
        "type": "rich_text",
        "block_id": "9s5f5",
        "elements": [
          {
            "type": "rich_text_section",
            "elements": [
              {
                "type": "text",
                "text": "It seems like there is no direct traversal here from the overview page."
              }
            ]
          }
        ]
      }
    ]
  },
  {
    "user": "UM3V8V1NK",
    "type": "message",
    "ts": "1767622775.322629",
    "client_msg_id": "df853edc-c874-4d62-951c-86f0d41e9f5a",
    "text": "As confirmed by Srini, we should be good with the American Retirement Association access.",
    "team": "T355R0RT3",
    "blocks": [
      {
        "type": "rich_text",
        "block_id": "NWNOs",
        "elements": [
          {
            "type": "rich_text_section",
            "elements": [
              {
                "type": "text",
                "text": "As confirmed by Srini, we should be good with the American Retirement Association access."
              }
            ]
          }
        ]
      }
    ]
  },
  {
    "text": "<@UM3V8V1NK> I could able to see the project as mentioned by Darren.",
    "files": [
      {
        "id": "F0A6UPQ0GH0",
        "created": 1767622776,
        "timestamp": 1767622776,
        "name": "image.png",
        "title": "image.png",
        "mimetype": "image/png",
        "filetype": "png",
        "pretty_type": "PNG",
        "user": "U37KPJ30D",
        "user_team": "T355R0RT3",
        "editable": false,
        "size": 87378,
        "mode": "hosted",
        "is_external": false,
        "external_type": "",
        "is_public": false,
        "public_url_shared": false,
        "display_as_bot": false,
        "username": "",
        "url_private": "https://files.slack.com/files-pri/T355R0RT3-F0A6UPQ0GH0/image.png",
        "url_private_download": "https://files.slack.com/files-pri/T355R0RT3-F0A6UPQ0GH0/download/image.png",
        "media_display_type": "unknown",
        "thumb_64": "https://files.slack.com/files-tmb/T355R0RT3-F0A6UPQ0GH0-78690227ff/image_64.png",
        "thumb_80": "https://files.slack.com/files-tmb/T355R0RT3-F0A6UPQ0GH0-78690227ff/image_80.png",
        "thumb_360": "https://files.slack.com/files-tmb/T355R0RT3-F0A6UPQ0GH0-78690227ff/image_360.png",
        "thumb_360_w": 360,
        "thumb_360_h": 131,
        "thumb_480": "https://files.slack.com/files-tmb/T355R0RT3-F0A6UPQ0GH0-78690227ff/image_480.png",
        "thumb_480_w": 480,
        "thumb_480_h": 175,
        "thumb_160": "https://files.slack.com/files-tmb/T355R0RT3-F0A6UPQ0GH0-78690227ff/image_160.png",
        "thumb_720": "https://files.slack.com/files-tmb/T355R0RT3-F0A6UPQ0GH0-78690227ff/image_720.png",
        "thumb_720_w": 720,
        "thumb_720_h": 262,
        "thumb_800": "https://files.slack.com/files-tmb/T355R0RT3-F0A6UPQ0GH0-78690227ff/image_800.png",
        "thumb_800_w": 800,
        "thumb_800_h": 291,
        "thumb_960": "https://files.slack.com/files-tmb/T355R0RT3-F0A6UPQ0GH0-78690227ff/image_960.png",
        "thumb_960_w": 960,
        "thumb_960_h": 349,
        "thumb_1024": "https://files.slack.com/files-tmb/T355R0RT3-F0A6UPQ0GH0-78690227ff/image_1024.png",
        "thumb_1024_w": 1024,
        "thumb_1024_h": 373,
        "original_w": 1901,
        "original_h": 692,
        "thumb_tiny": "AwASADC8Io858tM+uBTvJjIx5a/kKBgggDvg8U8AAYAxQBH9nh/55J/3yKPs8P8AzyT/AL5FPCgY/nS0AR/Z4f8Ankn/AHyKQxRrgCAEE84AwKkAxnnqc0tACUtJS0AFFFFABRRRQB//2Q==",
        "permalink": "https://devpixeled.slack.com/files/UM3V8V1NK/F0A6UPQ0GH0/image.png",
        "permalink_public": "https://slack-files.com/T355R0RT3-F0A6UPQ0GH0-9e0894c03c",
        "is_starred": false,
        "skipped_shares": true,
        "has_rich_preview": false,
        "file_access": "visible"
      }
    ],
    "upload": false,
    "user": "U37KPJ30D",
    "display_as_bot": false,
    "blocks": [
      {
        "type": "rich_text",
        "block_id": "9k/cX",
        "elements": [
          {
            "type": "rich_text_section",
            "elements": [
              {
                "type": "user",
                "user_id": "UM3V8V1NK"
              },
              {
                "type": "text",
                "text": " I could able to see the project as mentioned by Darren."
              }
            ]
          }
        ]
      }
    ],
    "type": "message",
    "ts": "1767622785.255119",
    "client_msg_id": "27cbaaa1-7488-4429-90ee-a26610f7c048",
    "reactions": [
      {
        "name": "+1",
        "users": [
          "UM3V8V1NK"
        ],
        "count": 1
      }
    ]
  },
  {
    "user": "U37KPJ30D",
    "type": "message",
    "ts": "1767622823.667669",
    "client_msg_id": "b1cec434-2c44-41f4-8e18-38eba16ee0b7",
    "text": "Will check the API connection with the secret key",
    "team": "T355R0RT3",
    "blocks": [
      {
        "type": "rich_text",
        "block_id": "Cajii",
        "elements": [
          {
            "type": "rich_text_section",
            "elements": [
              {
                "type": "text",
                "text": "Will check the API connection with the secret key"
              }
            ]
          }
        ]
      }
    ]
  }
]