[
  {
    "user": "UM3V8V1NK",
    "type": "message",
    "ts": "1769765160.561939",
    "client_msg_id": "83eebc9b-855c-4e53-a836-5c779f8816fa",
    "text": "<@U02JFCNHKHB> Update:\n•  ERISA Book chapters are being loaded to the Demo site.\n• QC Stage 1 is pending review. Will be done before eod.",
    "team": "T355R0RT3",
    "blocks": [
      {
        "type": "rich_text",
        "block_id": "89qYK",
        "elements": [
          {
            "type": "rich_text_section",
            "elements": [
              {
                "type": "user",
                "user_id": "U02JFCNHKHB"
              },
              {
                "type": "text",
                "text": " Update:\n"
              }
            ]
          },
          {
            "type": "rich_text_list",
            "elements": [
              {
                "type": "rich_text_section",
                "elements": [
                  {
                    "type": "text",
                    "text": " ERISA Book chapters are being loaded to the Demo site."
                  }
                ]
              },
              {
                "type": "rich_text_section",
                "elements": [
                  {
                    "type": "text",
                    "text": "QC Stage 1 is pending review. Will be done before eod."
                  }
                ]
              }
            ],
            "style": "bullet",
            "indent": 0,
            "border": 0
          }
        ]
      }
    ]
  },
  {
    "text": "*<@U02JFCNHKHB>* Below is the *output analysis of a few questions from Chapter 6*, showing the detected *unclear concepts after QC Stage 1 implementation*. I’ve captured all the results in the attached document. Please review and share your feedback.",
    "files": [
      {
        "id": "F0ACD2W5081",
        "created": 1769780468,
        "timestamp": 1769780468,
        "name": "Qc Stage 1 – Unclear Concept Detection (process & Examples) (2).docx",
        "title": "Qc Stage 1 – Unclear Concept Detection (process &amp; Examples) (2).docx",
        "mimetype": "application/vnd.openxmlformats-officedocument.wordprocessingml.document",
        "filetype": "docx",
        "pretty_type": "Word Document",
        "user": "U08Q13RK6P4",
        "user_team": "T355R0RT3",
        "editable": false,
        "size": 14472,
        "mode": "hosted",
        "is_external": false,
        "external_type": "",
        "is_public": false,
        "public_url_shared": false,
        "display_as_bot": false,
        "username": "",
        "url_private": "https://files.slack.com/files-pri/T355R0RT3-F0ACD2W5081/qc_stage_1_____unclear_concept_detection__process___examples___2_.docx",
        "url_private_download": "https://files.slack.com/files-pri/T355R0RT3-F0ACD2W5081/download/qc_stage_1_____unclear_concept_detection__process___examples___2_.docx",
        "media_display_type": "unknown",
        "converted_pdf": "https://files.slack.com/files-tmb/T355R0RT3-F0ACD2W5081-f7bd8f7f7a/qc_stage_1_____unclear_concept_detection__process___examples___2__converted.pdf",
        "thumb_pdf": "https://files.slack.com/files-tmb/T355R0RT3-F0ACD2W5081-f7bd8f7f7a/qc_stage_1_____unclear_concept_detection__process___examples___2__thumb_pdf.png",
        "thumb_pdf_w": 935,
        "thumb_pdf_h": 1210,
        "permalink": "https://devpixeled.slack.com/files/UM3V8V1NK/F0ACD2W5081/qc_stage_1_____unclear_concept_detection__process___examples___2_.docx",
        "permalink_public": "https://slack-files.com/T355R0RT3-F0ACD2W5081-237d95d4a9",
        "is_starred": false,
        "skipped_shares": true,
        "has_rich_preview": false,
        "file_access": "visible"
      }
    ],
    "upload": false,
    "user": "U08Q13RK6P4",
    "display_as_bot": false,
    "blocks": [
      {
        "type": "rich_text",
        "block_id": "qu0Ia",
        "elements": [
          {
            "type": "rich_text_section",
            "elements": [
              {
                "type": "user",
                "user_id": "U02JFCNHKHB",
                "style": {
                  "bold": true
                }
              },
              {
                "type": "text",
                "text": " Below is the "
              },
              {
                "type": "text",
                "text": "output analysis of a few questions from Chapter 6",
                "style": {
                  "bold": true
                }
              },
              {
                "type": "text",
                "text": ", showing the detected "
              },
              {
                "type": "text",
                "text": "unclear concepts after QC Stage 1 implementation",
                "style": {
                  "bold": true
                }
              },
              {
                "type": "text",
                "text": ". I’ve captured all the results in the attached document. Please review and share your feedback."
              }
            ]
          }
        ]
      }
    ],
    "type": "message",
    "ts": "1769780535.000409",
    "client_msg_id": "f28736d2-0930-457c-9087-bd169b88c707"
  },
  {
    "user": "U02JFCNHKHB",
    "type": "message",
    "ts": "1769780760.898909",
    "client_msg_id": "3a4204d9-e66d-47d1-9459-95c5025d82ce",
    "text": "Okay this looks promising. \n\nFinish uploading the documents to demo. We will circle back to this next week.",
    "team": "T355R0RT3",
    "blocks": [
      {
        "type": "rich_text",
        "block_id": "7qDQz",
        "elements": [
          {
            "type": "rich_text_section",
            "elements": [
              {
                "type": "text",
                "text": "Okay this looks promising. \n\nFinish uploading the documents to demo. We will circle back to this next week."
              }
            ]
          }
        ]
      }
    ],
    "reactions": [
      {
        "name": "+1",
        "users": [
          "U08Q13RK6P4",
          "UM3V8V1NK",
          "U37KPJ30D"
        ],
        "count": 3
      }
    ]
  },
  {
    "user": "UM3V8V1NK",
    "type": "message",
    "ts": "1769781280.824609",
    "client_msg_id": "f6c248a5-0a8a-466f-a2f9-9f352018909a",
    "text": "Will be done by eod today.",
    "team": "T355R0RT3",
    "blocks": [
      {
        "type": "rich_text",
        "block_id": "M8Y33",
        "elements": [
          {
            "type": "rich_text_section",
            "elements": [
              {
                "type": "text",
                "text": "Will be done by eod today."
              }
            ]
          }
        ]
      }
    ]
  },
  {
    "user": "UM3V8V1NK",
    "type": "message",
    "ts": "1769796032.670409",
    "client_msg_id": "5f560641-da52-4374-b217-ea4dd8d87019",
    "text": "<@U02JFCNHKHB> Update:\n• All ERISA Book chapters have been successfully uploaded.\n• Chapter names and descriptions are to be updated - _Will be reviewed tomorrow and shall confirm if urgent, else will be taken up on Monday._\n• The content chunks look good.",
    "team": "T355R0RT3",
    "blocks": [
      {
        "type": "rich_text",
        "block_id": "TxM00",
        "elements": [
          {
            "type": "rich_text_section",
            "elements": [
              {
                "type": "user",
                "user_id": "U02JFCNHKHB"
              },
              {
                "type": "text",
                "text": " Update:\n"
              }
            ]
          },
          {
            "type": "rich_text_list",
            "elements": [
              {
                "type": "rich_text_section",
                "elements": [
                  {
                    "type": "text",
                    "text": "All ERISA Book chapters have been successfully uploaded."
                  }
                ]
              },
              {
                "type": "rich_text_section",
                "elements": [
                  {
                    "type": "text",
                    "text": "Chapter names and descriptions are to be updated - "
                  },
                  {
                    "type": "text",
                    "text": "Will be reviewed tomorrow and shall confirm if urgent, else will be taken up on Monday.",
                    "style": {
                      "italic": true
                    }
                  }
                ]
              },
              {
                "type": "rich_text_section",
                "elements": [
                  {
                    "type": "text",
                    "text": "The content chunks look good."
                  }
                ]
              }
            ],
            "style": "bullet",
            "indent": 0,
            "border": 0
          }
        ]
      }
    ]
  }
]