[
  {
    "user": "UM3V8V1NK",
    "type": "message",
    "ts": "1768205140.007819",
    "client_msg_id": "0bf3ad2b-f891-46f5-ad12-b73d80d70bad",
    "text": "<@U06EHNXKZ1D>\nARA-4 POC: Define and Implement Firestore Document Chunk Storage for Controlled Context Injection\nARA-5 POC: Implement Neighboring Section Rehydration Logic for Precise Context Control",
    "team": "T355R0RT3",
    "blocks": [
      {
        "type": "rich_text",
        "block_id": "A3Ug+",
        "elements": [
          {
            "type": "rich_text_section",
            "elements": [
              {
                "type": "user",
                "user_id": "U06EHNXKZ1D"
              },
              {
                "type": "text",
                "text": "\nARA-4 POC: Define and Implement Firestore Document Chunk Storage for Controlled Context Injection\nARA-5 POC: Implement Neighboring Section Rehydration Logic for Precise Context Control"
              }
            ]
          }
        ]
      }
    ]
  },
  {
    "text": "Chapter 6, Section 3 breakdown",
    "files": [
      {
        "id": "F0A87UN3XFE",
        "created": 1768205314,
        "timestamp": 1768205314,
        "name": "Screenshot 2026-01-12 at 1.38.28 PM.png",
        "title": "Screenshot 2026-01-12 at 1.38.28 PM.png",
        "mimetype": "image/png",
        "filetype": "png",
        "pretty_type": "PNG",
        "user": "UM3V8V1NK",
        "user_team": "T355R0RT3",
        "editable": false,
        "size": 28093,
        "mode": "hosted",
        "is_external": false,
        "external_type": "",
        "is_public": false,
        "public_url_shared": false,
        "display_as_bot": false,
        "username": "",
        "url_private": "https://files.slack.com/files-pri/T355R0RT3-F0A87UN3XFE/screenshot_2026-01-12_at_1.38.28___pm.png",
        "url_private_download": "https://files.slack.com/files-pri/T355R0RT3-F0A87UN3XFE/download/screenshot_2026-01-12_at_1.38.28___pm.png",
        "media_display_type": "unknown",
        "thumb_64": "https://files.slack.com/files-tmb/T355R0RT3-F0A87UN3XFE-bc776a5ba3/screenshot_2026-01-12_at_1.38.28___pm_64.png",
        "thumb_80": "https://files.slack.com/files-tmb/T355R0RT3-F0A87UN3XFE-bc776a5ba3/screenshot_2026-01-12_at_1.38.28___pm_80.png",
        "thumb_360": "https://files.slack.com/files-tmb/T355R0RT3-F0A87UN3XFE-bc776a5ba3/screenshot_2026-01-12_at_1.38.28___pm_360.png",
        "thumb_360_w": 242,
        "thumb_360_h": 360,
        "thumb_480": "https://files.slack.com/files-tmb/T355R0RT3-F0A87UN3XFE-bc776a5ba3/screenshot_2026-01-12_at_1.38.28___pm_480.png",
        "thumb_480_w": 322,
        "thumb_480_h": 480,
        "thumb_160": "https://files.slack.com/files-tmb/T355R0RT3-F0A87UN3XFE-bc776a5ba3/screenshot_2026-01-12_at_1.38.28___pm_160.png",
        "original_w": 343,
        "original_h": 511,
        "thumb_tiny": "AwAwACHSPJI5HQ5pChx99h74H+FKecjBx7Gm7c4+Vxj/AGv/AK9AD8UUDpRQAUUUUANPU4xnj8qTDeg/P/61KxxnBAOOppu8bc+Yn17fzoAeAcen0pce5oooAMe5ox7miigBpJBJxxSbz1wfpg/4U/HOeaKAEBJ7Cj5vQfnS0UAJ83oPzo+b0H50tFAH/9k=",
        "permalink": "https://devpixeled.slack.com/files/UM3V8V1NK/F0A87UN3XFE/screenshot_2026-01-12_at_1.38.28___pm.png",
        "permalink_public": "https://slack-files.com/T355R0RT3-F0A87UN3XFE-f523474598",
        "is_starred": false,
        "skipped_shares": true,
        "has_rich_preview": false,
        "file_access": "visible"
      }
    ],
    "upload": false,
    "user": "UM3V8V1NK",
    "display_as_bot": false,
    "blocks": [
      {
        "type": "rich_text",
        "block_id": "C3g1U",
        "elements": [
          {
            "type": "rich_text_section",
            "elements": [
              {
                "type": "text",
                "text": "Chapter 6, Section 3 breakdown"
              }
            ]
          }
        ]
      }
    ],
    "type": "message",
    "ts": "1768205334.439209",
    "client_msg_id": "2766b000-a6df-41f8-9d21-6d37da74a7b6"
  },
  {
    "user": "UM3V8V1NK",
    "type": "message",
    "ts": "1768205762.119939",
    "client_msg_id": "ddf4e77e-23d8-4032-8299-2cdac010930c",
    "text": "Ok <@U06EHNXKZ1D>. D will be further split based on topics.\nI understand that the chunking strategy is critical because a well-structured breakdown is what enables the neighboring-section logic to work correctly. Without topic-aligned chunks and clear section hierarchy, we won’t be able to reliably include parent sections or adjacent subsections during rehydration.\nCan you share the naming convention that you think works best.",
    "team": "T355R0RT3",
    "blocks": [
      {
        "type": "rich_text",
        "block_id": "m4FE5",
        "elements": [
          {
            "type": "rich_text_section",
            "elements": [
              {
                "type": "text",
                "text": "Ok "
              },
              {
                "type": "user",
                "user_id": "U06EHNXKZ1D"
              },
              {
                "type": "text",
                "text": ". D will be further split based on topics.\nI understand that the chunking strategy is critical because a well-structured breakdown is what enables the neighboring-section logic to work correctly. Without topic-aligned chunks and clear section hierarchy, we won’t be able to reliably include parent sections or adjacent subsections during rehydration.\nCan you share the naming convention that you think works best."
              }
            ]
          }
        ]
      }
    ]
  },
  {
    "user": "UM3V8V1NK",
    "type": "message",
    "ts": "1768205790.976999",
    "client_msg_id": "c95ff298-4fad-44c0-824a-1fd084447b1e",
    "text": "Chapter 6 also to be included.",
    "team": "T355R0RT3",
    "blocks": [
      {
        "type": "rich_text",
        "block_id": "kkgPZ",
        "elements": [
          {
            "type": "rich_text_section",
            "elements": [
              {
                "type": "text",
                "text": "Chapter 6 also to be included."
              }
            ]
          }
        ]
      }
    ]
  },
  {
    "subtype": "channel_join",
    "user": "U08SA26H4LT",
    "text": "<@U08SA26H4LT> has joined the channel",
    "inviter": "UM3V8V1NK",
    "type": "message",
    "ts": "1768205823.098209"
  },
  {
    "user": "UM3V8V1NK",
    "type": "message",
    "ts": "1768205863.321259",
    "client_msg_id": "27222615-2d81-4ee8-8673-f4859f2e2500",
    "text": "<@U08SA26H4LT> Please join aru.",
    "team": "T355R0RT3",
    "blocks": [
      {
        "type": "rich_text",
        "block_id": "DnLeE",
        "elements": [
          {
            "type": "rich_text_section",
            "elements": [
              {
                "type": "user",
                "user_id": "U08SA26H4LT"
              },
              {
                "type": "text",
                "text": " Please join aru."
              }
            ]
          }
        ]
      }
    ],
    "reactions": [
      {
        "name": "+1",
        "users": [
          "U08SA26H4LT"
        ],
        "count": 1
      }
    ]
  },
  {
    "user": "UM3V8V1NK",
    "type": "message",
    "ts": "1768206164.907079",
    "edited": {
      "user": "UM3V8V1NK",
      "ts": "1768206367.000000"
    },
    "client_msg_id": "cca96c68-7d56-476a-8433-182ac9ac8331",
    "text": "Chapter 6.3.1.1.1 and so on.\nChapter <chapter>.<section>.<subsection(s)>...",
    "team": "T355R0RT3",
    "blocks": [
      {
        "type": "rich_text",
        "block_id": "U1Bii",
        "elements": [
          {
            "type": "rich_text_section",
            "elements": [
              {
                "type": "text",
                "text": "Chapter 6.3.1.1.1 and so on.\nChapter <chapter>.<section>.<subsection(s)>..."
              }
            ]
          }
        ]
      }
    ]
  },
  {
    "user": "U37KPJ30D",
    "type": "message",
    "ts": "1768208925.274009",
    "client_msg_id": "3c84ab4e-e768-4b63-8ad4-65d2d46556fb",
    "text": "<@U02JFCNHKHB> A thought, since the file splitting is already a manual and controlled step, we're considering adding a simple linear sequence index (1, 2, 3, …) to each chunk as an additional field. The goal is to make previous/next neighbor selection fully deterministic and easier to reason about at runtime, especially when implementing neighbor expansion and range-based hydration logic.\n\nWe’ll still retain the section identifiers (e.g., 6.1, 6.1.1, 6.1.3) to preserve the legal hierarchy and semantic meaning, which we’ll continue to use for parent–child relationships. The sequence index would purely serve as a navigation aid, not as a replacement for section structure.",
    "team": "T355R0RT3",
    "blocks": [
      {
        "type": "rich_text",
        "block_id": "PuXni",
        "elements": [
          {
            "type": "rich_text_section",
            "elements": [
              {
                "type": "user",
                "user_id": "U02JFCNHKHB"
              },
              {
                "type": "text",
                "text": " A thought, since the file splitting is already a manual and controlled step, we're considering adding a simple linear sequence index (1, 2, 3, …) to each chunk as an additional field. The goal is to make previous/next neighbor selection fully deterministic and easier to reason about at runtime, especially when implementing neighbor expansion and range-based hydration logic.\n\nWe’ll still retain the section identifiers (e.g., 6.1, 6.1.1, 6.1.3) to preserve the legal hierarchy and semantic meaning, which we’ll continue to use for parent–child relationships. The sequence index would purely serve as a navigation aid, not as a replacement for section structure."
              }
            ]
          }
        ]
      }
    ]
  },
  {
    "user": "U02JFCNHKHB",
    "type": "message",
    "ts": "1768209291.011829",
    "client_msg_id": "edd8a7df-a9e6-459b-9707-5f3c4356bc4f",
    "text": "Yeah that's fine. It would help with display as well, so the chunks are always ordered the same way",
    "team": "T355R0RT3",
    "blocks": [
      {
        "type": "rich_text",
        "block_id": "t8H9+",
        "elements": [
          {
            "type": "rich_text_section",
            "elements": [
              {
                "type": "text",
                "text": "Yeah that's fine. It would help with display as well, so the chunks are always ordered the same way"
              }
            ]
          }
        ]
      }
    ]
  },
  {
    "user": "UM3V8V1NK",
    "type": "message",
    "ts": "1768209627.053079",
    "client_msg_id": "8b5cd964-44b6-40b5-954f-9fa5dd435b4c",
    "text": "From your previous guidance <@U02JFCNHKHB>, the following are noted.\n• Generate &amp; Store Section-Level Summaries in Firestore (Ingestion-Time)\n• Summary-First Rehydration Strategy (Runtime)\n• Match Range Aggregation (Section Range Builder)\n• Token Budgeting &amp; Context Packaging Rules\n• Observability for Retrieval + Rehydration\nI believe there was a question on the summary-first rehydration <@U37KPJ30D>?",
    "team": "T355R0RT3",
    "blocks": [
      {
        "type": "rich_text",
        "block_id": "N+2Gf",
        "elements": [
          {
            "type": "rich_text_section",
            "elements": [
              {
                "type": "text",
                "text": "From your previous guidance "
              },
              {
                "type": "user",
                "user_id": "U02JFCNHKHB"
              },
              {
                "type": "text",
                "text": ", the following are noted.\n"
              }
            ]
          },
          {
            "type": "rich_text_list",
            "elements": [
              {
                "type": "rich_text_section",
                "elements": [
                  {
                    "type": "text",
                    "text": "Generate & Store Section-Level Summaries in Firestore (Ingestion-Time)"
                  }
                ]
              },
              {
                "type": "rich_text_section",
                "elements": [
                  {
                    "type": "text",
                    "text": "Summary-First Rehydration Strategy (Runtime)"
                  }
                ]
              },
              {
                "type": "rich_text_section",
                "elements": [
                  {
                    "type": "text",
                    "text": "Match Range Aggregation (Section Range Builder)"
                  }
                ]
              },
              {
                "type": "rich_text_section",
                "elements": [
                  {
                    "type": "text",
                    "text": "Token Budgeting & Context Packaging Rules"
                  }
                ]
              },
              {
                "type": "rich_text_section",
                "elements": [
                  {
                    "type": "text",
                    "text": "Observability for Retrieval + Rehydration"
                  }
                ]
              }
            ],
            "style": "bullet",
            "indent": 0,
            "border": 0
          },
          {
            "type": "rich_text_section",
            "elements": [
              {
                "type": "text",
                "text": "\nI believe there was a question on the summary-first rehydration "
              },
              {
                "type": "user",
                "user_id": "U37KPJ30D"
              },
              {
                "type": "text",
                "text": "?"
              }
            ]
          }
        ]
      }
    ]
  },
  {
    "user": "U02JFCNHKHB",
    "type": "message",
    "ts": "1768209961.479689",
    "client_msg_id": "58665821-5fac-4c13-b709-7c4d51915894",
    "text": "Summary-first was brought up when the document matched is too big. \n\nFirst, use the whole matched document (already split manually)\n\nIf that's too big, select the full parent section. So, if matched on 6.1.2, pull the entire 6.1 as context. \n\nIf that's still too big, pull the neighbors. For 6.1.2, it would be 6.1.1 and 6.1.3.\n\nIf that's STILL too big, then summarize 6.1 and send together with the full text of 6.1.2.",
    "team": "T355R0RT3",
    "thread_ts": "1768209961.479689",
    "reply_count": 1,
    "reply_users_count": 1,
    "latest_reply": "1768823682.805349",
    "reply_users": [
      "U37KPJ30D"
    ],
    "is_locked": false,
    "subscribed": false,
    "blocks": [
      {
        "type": "rich_text",
        "block_id": "FPikv",
        "elements": [
          {
            "type": "rich_text_section",
            "elements": [
              {
                "type": "text",
                "text": "Summary-first was brought up when the document matched is too big. \n\nFirst, use the whole matched document (already split manually)\n\nIf that's too big, select the full parent section. So, if matched on 6.1.2, pull the entire 6.1 as context. \n\nIf that's still too big, pull the neighbors. For 6.1.2, it would be 6.1.1 and 6.1.3.\n\nIf that's STILL too big, then summarize 6.1 and send together with the full text of 6.1.2."
              }
            ]
          }
        ]
      }
    ]
  },
  {
    "user": "UM3V8V1NK",
    "type": "message",
    "ts": "1768212594.517319",
    "client_msg_id": "08adf2b2-eb79-41c5-8aac-61b7afffe2ab",
    "text": "<@U08Q13RK6P4> Since Naresh has a personal emergency and needs to take off the rest of the day, please ensure you are caught up and able to pick up the work from where he left off. Do reach out here immediately if you have any blockers/questions.",
    "team": "T355R0RT3",
    "blocks": [
      {
        "type": "rich_text",
        "block_id": "SfKLp",
        "elements": [
          {
            "type": "rich_text_section",
            "elements": [
              {
                "type": "user",
                "user_id": "U08Q13RK6P4"
              },
              {
                "type": "text",
                "text": " Since Naresh has a personal emergency and needs to take off the rest of the day, please ensure you are caught up and able to pick up the work from where he left off. Do reach out here immediately if you have any blockers/questions."
              }
            ]
          }
        ]
      }
    ],
    "reactions": [
      {
        "name": "+1",
        "users": [
          "U08Q13RK6P4"
        ],
        "count": 1
      }
    ]
  },
  {
    "user": "U08SA26H4LT",
    "type": "message",
    "ts": "1768213184.129969",
    "client_msg_id": "720fee09-c9d1-42d6-93e5-1a1ff0b6953e",
    "text": "<@UM3V8V1NK> i am splitting the chapter 6 section 3 , can you confirm if the pattern is as correct <https://drive.google.com/drive/folders/1tXpfM5V_DKgcc3UmrbRStpu3F0-a7Msm?usp=drive_link>",
    "team": "T355R0RT3",
    "blocks": [
      {
        "type": "rich_text",
        "block_id": "J+Odf",
        "elements": [
          {
            "type": "rich_text_section",
            "elements": [
              {
                "type": "user",
                "user_id": "UM3V8V1NK"
              },
              {
                "type": "text",
                "text": " i am splitting the chapter 6 section 3 , can you confirm if the pattern is as correct "
              },
              {
                "type": "link",
                "url": "https://drive.google.com/drive/folders/1tXpfM5V_DKgcc3UmrbRStpu3F0-a7Msm?usp=drive_link"
              }
            ]
          }
        ]
      }
    ]
  },
  {
    "user": "UM3V8V1NK",
    "type": "message",
    "ts": "1768213449.170919",
    "client_msg_id": "34d997b7-7ecb-466c-b12a-b833dea121a4",
    "text": "Naming convention looks fine, just make it upper case C.\nIt is important to get the chunks right, Yashmit.\n<@U37KPJ30D> Do we need to maintain the parent info within each of these chunks for context or will it be covered in the index?",
    "team": "T355R0RT3",
    "blocks": [
      {
        "type": "rich_text",
        "block_id": "yT32O",
        "elements": [
          {
            "type": "rich_text_section",
            "elements": [
              {
                "type": "text",
                "text": "Naming convention looks fine, just make it upper case C.\nIt is important to get the chunks right, Yashmit.\n"
              },
              {
                "type": "user",
                "user_id": "U37KPJ30D"
              },
              {
                "type": "text",
                "text": " Do we need to maintain the parent info within each of these chunks for context or will it be covered in the index?"
              }
            ]
          }
        ]
      }
    ]
  },
  {
    "user": "UM3V8V1NK",
    "type": "message",
    "ts": "1768213779.136869",
    "client_msg_id": "03ed3ec9-dd88-425d-bc35-b31796fbd5c6",
    "text": "<@U08SA26H4LT> better yet, just remove the Chapter mention.",
    "team": "T355R0RT3",
    "blocks": [
      {
        "type": "rich_text",
        "block_id": "NiRpm",
        "elements": [
          {
            "type": "rich_text_section",
            "elements": [
              {
                "type": "user",
                "user_id": "U08SA26H4LT"
              },
              {
                "type": "text",
                "text": " better yet, just remove the Chapter mention."
              }
            ]
          }
        ]
      }
    ],
    "reactions": [
      {
        "name": "+1",
        "users": [
          "U08SA26H4LT"
        ],
        "count": 1
      }
    ]
  },
  {
    "user": "UM3V8V1NK",
    "type": "message",
    "ts": "1768214156.541359",
    "client_msg_id": "aa3d11d7-d612-4ab1-af98-b0f76a6129a0",
    "text": "<@U08Q13RK6P4> How is it going?",
    "team": "T355R0RT3",
    "thread_ts": "1768214156.541359",
    "reply_count": 2,
    "reply_users_count": 2,
    "latest_reply": "1768214291.595859",
    "reply_users": [
      "U08Q13RK6P4",
      "UM3V8V1NK"
    ],
    "is_locked": false,
    "subscribed": true,
    "last_read": "1768214291.595859",
    "blocks": [
      {
        "type": "rich_text",
        "block_id": "JEi9Z",
        "elements": [
          {
            "type": "rich_text_section",
            "elements": [
              {
                "type": "user",
                "user_id": "U08Q13RK6P4"
              },
              {
                "type": "text",
                "text": " How is it going?"
              }
            ]
          }
        ]
      }
    ]
  },
  {
    "user": "UM3V8V1NK",
    "type": "message",
    "ts": "1768214249.078959",
    "client_msg_id": "d43e3af9-d97c-48a4-8887-4b97b5fdf167",
    "text": "Do note that this is a priority to get done and we will then need to get this entire rehydration logic updated into our website also.",
    "team": "T355R0RT3",
    "blocks": [
      {
        "type": "rich_text",
        "block_id": "jXRu5",
        "elements": [
          {
            "type": "rich_text_section",
            "elements": [
              {
                "type": "text",
                "text": "Do note that this is a priority to get done and we will then need to get this entire rehydration logic updated into our website also."
              }
            ]
          }
        ]
      }
    ]
  },
  {
    "user": "UM3V8V1NK",
    "type": "message",
    "ts": "1768219555.164179",
    "client_msg_id": "28e418a0-dfa8-4da8-988f-3385bb25c2e1",
    "text": "<@U08Q13RK6P4> Please join ymc.",
    "team": "T355R0RT3",
    "blocks": [
      {
        "type": "rich_text",
        "block_id": "xn3ZA",
        "elements": [
          {
            "type": "rich_text_section",
            "elements": [
              {
                "type": "user",
                "user_id": "U08Q13RK6P4"
              },
              {
                "type": "text",
                "text": " Please join ymc."
              }
            ]
          }
        ]
      }
    ],
    "reactions": [
      {
        "name": "+1",
        "users": [
          "U08Q13RK6P4"
        ],
        "count": 1
      }
    ]
  }
]