[
  {
    "user": "UM3V8V1NK",
    "type": "message",
    "ts": "1769826860.265959",
    "client_msg_id": "B5184044-3309-40D2-B6FA-04DDB6A56EAE",
    "text": "Note: Content chunks were spot checked for naming. These will be reviewed further to ensure there are no errors.",
    "team": "T355R0RT3",
    "thread_ts": "1769826860.265959",
    "reply_count": 1,
    "reply_users_count": 1,
    "latest_reply": "1770035944.037839",
    "reply_users": [
      "UM3V8V1NK"
    ],
    "is_locked": false,
    "subscribed": true,
    "last_read": "1770035944.037839",
    "blocks": [
      {
        "type": "rich_text",
        "block_id": "UwYn3",
        "elements": [
          {
            "type": "rich_text_section",
            "elements": [
              {
                "type": "text",
                "text": "Note: Content chunks were spot checked for naming. These will be reviewed further to ensure there are no errors"
              },
              {
                "type": "text",
                "text": "."
              }
            ]
          }
        ]
      }
    ]
  }
]