[
  {
    "user": "UM3V8V1NK",
    "type": "message",
    "ts": "1768280124.574339",
    "client_msg_id": "EEF6225F-1E5C-43C6-A1C6-16536C84966A",
    "text": "@team please keep this channel active for updates and project related work. ",
    "team": "T355R0RT3",
    "blocks": [
      {
        "type": "rich_text",
        "block_id": "BsYrp",
        "elements": [
          {
            "type": "rich_text_section",
            "elements": [
              {
                "type": "text",
                "text": "@team please keep this channel active for updates and project related work. "
              }
            ]
          }
        ]
      }
    ],
    "reactions": [
      {
        "name": "+1",
        "users": [
          "U094ZF0AUCT"
        ],
        "count": 1
      }
    ]
  },
  {
    "user": "UM3V8V1NK",
    "type": "message",
    "ts": "1768281791.273719",
    "client_msg_id": "7689d8e2-4c40-4e08-aadf-33594c4a128e",
    "text": "<@U08Q13RK6P4> Naresh is not available today also. Are you able to make progress? Any questions or blockers?",
    "team": "T355R0RT3",
    "blocks": [
      {
        "type": "rich_text",
        "block_id": "ecG9D",
        "elements": [
          {
            "type": "rich_text_section",
            "elements": [
              {
                "type": "user",
                "user_id": "U08Q13RK6P4"
              },
              {
                "type": "text",
                "text": " Naresh is not available today also. Are you able to make progress? Any questions or blockers?"
              }
            ]
          }
        ]
      }
    ]
  },
  {
    "user": "U08SA26H4LT",
    "type": "message",
    "ts": "1768281900.437409",
    "client_msg_id": "f4a73b54-56b7-4cfa-9baa-14caf9c74211",
    "text": "The smaller chunks are available now for section 3,4,7\n<https://drive.google.com/drive/folders/1oaBItLeluW1WPsZp1LrGCvADfcoFZoJn>\nfolder name starts as small chunks section....",
    "team": "T355R0RT3",
    "blocks": [
      {
        "type": "rich_text",
        "block_id": "Z6h+T",
        "elements": [
          {
            "type": "rich_text_section",
            "elements": [
              {
                "type": "text",
                "text": "The smaller chunks are available now for section 3,4,7\n"
              },
              {
                "type": "link",
                "url": "https://drive.google.com/drive/folders/1oaBItLeluW1WPsZp1LrGCvADfcoFZoJn"
              },
              {
                "type": "text",
                "text": "\nfolder name starts as small chunks section...."
              }
            ]
          }
        ]
      }
    ]
  },
  {
    "user": "U08Q13RK6P4",
    "type": "message",
    "ts": "1768282015.030699",
    "client_msg_id": "d209bc7f-cc62-484e-9c19-bae4a6da5ccf",
    "text": "*<@UM3V8V1NK>*\n Yesterday I implemented the neighbor-inclusion logic (order-1, order, order+1) for rehydration. That part is working correctly.\nHowever, the chunks that were previously uploaded are still very large. Because of this, when multiple matches and their neighbors are pulled together, the total context quickly exceeds the LLM size limit.\nTo make the neighbor and range-based rehydration effective, we now need to *re-upload the content as smaller, more granular chunks* . This will allow us to include neighbors and control context size properly without hitting token limits.",
    "team": "T355R0RT3",
    "thread_ts": "1768282015.030699",
    "reply_count": 1,
    "reply_users_count": 1,
    "latest_reply": "1768282405.917979",
    "reply_users": [
      "UM3V8V1NK"
    ],
    "is_locked": false,
    "subscribed": true,
    "last_read": "1768282405.917979",
    "blocks": [
      {
        "type": "rich_text",
        "block_id": "sxU+N",
        "elements": [
          {
            "type": "rich_text_section",
            "elements": [
              {
                "type": "user",
                "user_id": "UM3V8V1NK",
                "style": {
                  "bold": true
                }
              },
              {
                "type": "text",
                "text": "\n Yesterday I implemented the neighbor-inclusion logic (order-1, order, order+1) for rehydration. That part is working correctly.\nHowever, the chunks that were previously uploaded are still very large. Because of this, when multiple matches and their neighbors are pulled together, the total context quickly exceeds the LLM size limit.\nTo make the neighbor and range-based rehydration effective, we now need to "
              },
              {
                "type": "text",
                "text": "re-upload the content as smaller, more granular chunks",
                "style": {
                  "bold": true
                }
              },
              {
                "type": "text",
                "text": " . This will allow us to include neighbors and control context size properly without hitting token limits."
              }
            ]
          }
        ]
      }
    ]
  },
  {
    "user": "U08Q13RK6P4",
    "type": "message",
    "ts": "1768282130.651719",
    "client_msg_id": "1e767f8a-667f-4b1c-8eed-4c760b8e34aa",
    "text": "below are the example prompts given\n\n```ackend running on port 3000\n[getResponse] Received request. Message: Minimum distribution rules under IRC '401(a)(9)\n\n[getTopKChunks] Vector store returned 10 chunks.\n\n[getTopKChunks] Unique File IDs selected: file-MiN831hGFBQtZg3vgiF7C4, file-3rbEF7nBjjm3oFPgFQddVi, file-Rfp2iHUFrTQptSgnU7Nzx6, file-GhXMV7LWURVnM5RCFHKgre, file-6D9SerxrSKkWXJzCeYUnpR\n\n[getDocumentsFromFileIds] Processing 5 input file IDs...\n\n[getDocumentsFromFileIds] Original Matches: [{\"documentId\":\"gGWuhnC4E41GHQV6On2d\",\"order\":7},{\"documentId\":\"gGWuhnC4E41GHQV6On2d\",\"order\":8},{\"documentId\":\"gGWuhnC4E41GHQV6On2d\",\"order\":9},{\"documentId\":\"gGWuhnC4E41GHQV6On2d\",\"order\":11},{\"documentId\":\"gGWuhnC4E41GHQV6On2d\",\"order\":10}]\n\n[getDocumentsFromFileIds] Final Unique Chunks for Doc gGWuhnC4E41GHQV6On2d: 6, 7, 8, 9, 10, 11, 12\nRetrieved document contents count: 1\n\n[generateLLMResponse] Generating response. Context length: 804544 chars.\n\n[generateLLMResponse] Response generated successfully. Length: 1655 chars.\n\nPOST /api/openai/search 200 56181.997 ms - 1719```",
    "team": "T355R0RT3",
    "blocks": [
      {
        "type": "rich_text",
        "block_id": "F1xT/",
        "elements": [
          {
            "type": "rich_text_section",
            "elements": [
              {
                "type": "text",
                "text": "below are the example prompts given\n\n"
              }
            ]
          },
          {
            "type": "rich_text_preformatted",
            "elements": [
              {
                "type": "text",
                "text": "ackend running on port 3000\n[getResponse] Received request. Message: Minimum distribution rules under IRC '401(a)(9)\n\n[getTopKChunks] Vector store returned 10 chunks.\n\n[getTopKChunks] Unique File IDs selected: file-MiN831hGFBQtZg3vgiF7C4, file-3rbEF7nBjjm3oFPgFQddVi, file-Rfp2iHUFrTQptSgnU7Nzx6, file-GhXMV7LWURVnM5RCFHKgre, file-6D9SerxrSKkWXJzCeYUnpR\n\n[getDocumentsFromFileIds] Processing 5 input file IDs...\n\n[getDocumentsFromFileIds] Original Matches: [{\"documentId\":\"gGWuhnC4E41GHQV6On2d\",\"order\":7},{\"documentId\":\"gGWuhnC4E41GHQV6On2d\",\"order\":8},{\"documentId\":\"gGWuhnC4E41GHQV6On2d\",\"order\":9},{\"documentId\":\"gGWuhnC4E41GHQV6On2d\",\"order\":11},{\"documentId\":\"gGWuhnC4E41GHQV6On2d\",\"order\":10}]\n\n[getDocumentsFromFileIds] Final Unique Chunks for Doc gGWuhnC4E41GHQV6On2d: 6, 7, 8, 9, 10, 11, 12\nRetrieved document contents count: 1\n\n[generateLLMResponse] Generating response. Context length: 804544 chars.\n\n[generateLLMResponse] Response generated successfully. Length: 1655 chars.\n\nPOST /api/openai/search 200 56181.997 ms - 1719"
              }
            ],
            "border": 0
          }
        ]
      }
    ]
  },
  {
    "user": "UM3V8V1NK",
    "type": "message",
    "ts": "1768282144.401569",
    "client_msg_id": "7a2f5329-b2df-469d-87e3-93e8d1a3e2c7",
    "text": "Now that Yashmit has the chunks broken down, can you remove the older ones and upload these, <@U08Q13RK6P4>.",
    "team": "T355R0RT3",
    "thread_ts": "1768282144.401569",
    "reply_count": 1,
    "reply_users_count": 1,
    "latest_reply": "1768282167.316169",
    "reply_users": [
      "U08Q13RK6P4"
    ],
    "is_locked": false,
    "subscribed": true,
    "last_read": "1768282167.316169",
    "blocks": [
      {
        "type": "rich_text",
        "block_id": "KB0Uv",
        "elements": [
          {
            "type": "rich_text_section",
            "elements": [
              {
                "type": "text",
                "text": "Now that Yashmit has the chunks broken down, can you remove the older ones and upload these, "
              },
              {
                "type": "user",
                "user_id": "U08Q13RK6P4"
              },
              {
                "type": "text",
                "text": "."
              }
            ]
          }
        ]
      }
    ]
  },
  {
    "user": "UM3V8V1NK",
    "type": "message",
    "ts": "1768290148.632609",
    "client_msg_id": "86cf41dc-a2e5-4259-ba8e-a76a6026ec5c",
    "text": "<@U08Q13RK6P4> How is it going?\nSince we are wfh this gets a little tricky! Please update here as to what is going on.",
    "team": "T355R0RT3",
    "blocks": [
      {
        "type": "rich_text",
        "block_id": "M6skb",
        "elements": [
          {
            "type": "rich_text_section",
            "elements": [
              {
                "type": "user",
                "user_id": "U08Q13RK6P4"
              },
              {
                "type": "text",
                "text": " How is it going?\nSince we are wfh this gets a little tricky! Please update here as to what is going on."
              }
            ]
          }
        ]
      }
    ]
  },
  {
    "user": "U08Q13RK6P4",
    "type": "message",
    "ts": "1768291077.012349",
    "client_msg_id": "74d90d86-628a-4838-8235-6a52ae45ce30",
    "text": "<@UM3V8V1NK> i am uploading the smaller chunks\ntill now section 6.1, 6.2 ,6.3 completed\nnow adding 6.4 section",
    "team": "T355R0RT3",
    "blocks": [
      {
        "type": "rich_text",
        "block_id": "7nAEU",
        "elements": [
          {
            "type": "rich_text_section",
            "elements": [
              {
                "type": "user",
                "user_id": "UM3V8V1NK"
              },
              {
                "type": "text",
                "text": " i am uploading the smaller chunks\ntill now section 6.1, 6.2 ,6.3 completed\nnow adding 6.4 section"
              }
            ]
          }
        ]
      }
    ],
    "reactions": [
      {
        "name": "+1",
        "users": [
          "UM3V8V1NK"
        ],
        "count": 1
      }
    ]
  },
  {
    "user": "U37KPJ30D",
    "type": "message",
    "ts": "1768296655.370099",
    "client_msg_id": "f8f37644-1d8f-4970-941f-8e9773d09510",
    "text": "<@U08Q13RK6P4> // STEP 1: Try full matched document\n    context = getFullDocument(doc)\n\n    if (context).length &lt; MAX_CONTEXT_TOKENS:\n        return context\n\n// STEP 2: Try full parent section (6.1)\n    parentSection = getSection(doc, parentId)\n\n    if (parentSection).length &lt; MAX_CONTEXT_TOKENS:\n        return parentSection\n\n// STEP 3: Try neighbors (6.1.1 + 6.1.2 + 6.1.3)\n    neighbors = getNeighborSections(doc, sectionId)\n    context = concatenate(neighbors)\n\n    if (context).length &lt; MAX_CONTEXT_TOKENS:\n        return context\n\n// STEP 4: Summary-first fallback\n    summary = getSummary(doc, parentId)\n\n\n    context = concatenate(summary, matchedText)\n\n    return context",
    "team": "T355R0RT3",
    "blocks": [
      {
        "type": "rich_text",
        "block_id": "WL6to",
        "elements": [
          {
            "type": "rich_text_section",
            "elements": [
              {
                "type": "user",
                "user_id": "U08Q13RK6P4"
              },
              {
                "type": "text",
                "text": " // STEP 1: Try full matched document\n    context = getFullDocument(doc)\n\n    if (context).length < MAX_CONTEXT_TOKENS:\n        return context\n\n// STEP 2: Try full parent section (6.1)\n    parentSection = getSection(doc, parentId)\n\n    if (parentSection).length < MAX_CONTEXT_TOKENS:\n        return parentSection\n\n// STEP 3: Try neighbors (6.1.1 + 6.1.2 + 6.1.3)\n    neighbors = getNeighborSections(doc, sectionId)\n    context = concatenate(neighbors)\n\n    if (context).length < MAX_CONTEXT_TOKENS:\n        return context\n\n// STEP 4: Summary-first fallback\n    summary = getSummary(doc, parentId)\n\n\n    context = concatenate(summary, matchedText)\n\n    return context"
              }
            ]
          }
        ]
      }
    ],
    "reactions": [
      {
        "name": "+1",
        "users": [
          "U08Q13RK6P4"
        ],
        "count": 1
      }
    ]
  },
  {
    "user": "U37KPJ30D",
    "type": "message",
    "ts": "1768296683.531569",
    "client_msg_id": "f125550c-99fe-4c2f-8192-95c6e8cceb1d",
    "text": "Pls follow this pseudo code to achieve the 4 steps",
    "team": "T355R0RT3",
    "blocks": [
      {
        "type": "rich_text",
        "block_id": "B+ag9",
        "elements": [
          {
            "type": "rich_text_section",
            "elements": [
              {
                "type": "text",
                "text": "Pls follow this pseudo code to achieve the 4 steps"
              }
            ]
          }
        ]
      }
    ]
  },
  {
    "user": "U02JFCNHKHB",
    "type": "message",
    "ts": "1768296782.099649",
    "client_msg_id": "ccb94474-3f6a-48ed-96ad-7baad3151992",
    "text": "Keep in mind that: every time you upload something, you need to remove the previous versions. \n\nIn other words, each text part must be unique. So, if you break down 6.1 to 6.1.1, 6.1.2... you need to remove 6.1 completely when uploading the parts individually. \n\nIf you don't do that, you will end up with very problematic matches, starting with duplicated and misaligning chunks. It can eventually lead to misinterpretations due to misaligning chunks being interpreted together as a coherent context.",
    "team": "T355R0RT3",
    "blocks": [
      {
        "type": "rich_text",
        "block_id": "sENN7",
        "elements": [
          {
            "type": "rich_text_section",
            "elements": [
              {
                "type": "text",
                "text": "Keep in mind that: every time you upload something, you need to remove the previous versions. \n\nIn other words, each text part must be unique. So, if you break down 6.1 to 6.1.1, 6.1.2... you need to remove 6.1 completely when uploading the parts individually. \n\nIf you don't do that, you will end up with very problematic matches, starting with duplicated and misaligning chunks. It can eventually lead to misinterpretations due to misaligning chunks being interpreted together as a coherent context."
              }
            ]
          }
        ]
      }
    ],
    "reactions": [
      {
        "name": "+1",
        "users": [
          "U37KPJ30D",
          "U08Q13RK6P4",
          "UM3V8V1NK"
        ],
        "count": 3
      }
    ]
  },
  {
    "user": "U08Q13RK6P4",
    "type": "message",
    "ts": "1768302619.076159",
    "client_msg_id": "bca67c9f-6584-41de-add7-0df0bbc8df2c",
    "text": "chunks in 6.4 section upload completed\ntotal 119 chunks uploaded\n```{\n  \"id\": \"vs_695ccbe819608191bbeec1bd013a1fd8\",\n  \"object\": \"vector_store\",\n  \"created_at\": 1767689192,\n  \"name\": \"Ask-Arisa vector store\",\n  \"description\": null,\n  \"usage_bytes\": 3225218,\n  \"file_counts\": {\n    \"in_progress\": 1,\n    \"completed\": 118,\n    \"failed\": 0,\n    \"cancelled\": 0,\n    \"total\": 119\n  },\n  \"status\": \"in_progress\",\n  \"expires_after\": null,\n  \"expires_at\": null,\n  \"last_active_at\": 1768301560,\n  \"metadata\": {}\n}```",
    "team": "T355R0RT3",
    "blocks": [
      {
        "type": "rich_text",
        "block_id": "oAdWh",
        "elements": [
          {
            "type": "rich_text_section",
            "elements": [
              {
                "type": "text",
                "text": "chunks in 6.4 section upload completed\ntotal 119 chunks uploaded\n"
              }
            ]
          },
          {
            "type": "rich_text_preformatted",
            "elements": [
              {
                "type": "text",
                "text": "{\n  \"id\": \"vs_695ccbe819608191bbeec1bd013a1fd8\",\n  \"object\": \"vector_store\",\n  \"created_at\": 1767689192,\n  \"name\": \"Ask-Arisa vector store\",\n  \"description\": null,\n  \"usage_bytes\": 3225218,\n  \"file_counts\": {\n    \"in_progress\": 1,\n    \"completed\": 118,\n    \"failed\": 0,\n    \"cancelled\": 0,\n    \"total\": 119\n  },\n  \"status\": \"in_progress\",\n  \"expires_after\": null,\n  \"expires_at\": null,\n  \"last_active_at\": 1768301560,\n  \"metadata\": {}\n}"
              }
            ],
            "border": 0
          }
        ]
      }
    ]
  },
  {
    "user": "U02JFCNHKHB",
    "type": "message",
    "ts": "1768302863.592899",
    "client_msg_id": "6210ffbd-3564-4dfb-b7b1-e0b95f4a4bfc",
    "text": "Wait, what do you mean by \"chunks in 6.4\"?",
    "team": "T355R0RT3",
    "thread_ts": "1768302863.592899",
    "reply_count": 1,
    "reply_users_count": 1,
    "latest_reply": "1768304767.660759",
    "reply_users": [
      "U08Q13RK6P4"
    ],
    "is_locked": false,
    "subscribed": false,
    "blocks": [
      {
        "type": "rich_text",
        "block_id": "PgSRi",
        "elements": [
          {
            "type": "rich_text_section",
            "elements": [
              {
                "type": "text",
                "text": "Wait, what do you mean by \"chunks in 6.4\"?"
              }
            ]
          }
        ]
      }
    ]
  },
  {
    "user": "U02JFCNHKHB",
    "type": "message",
    "ts": "1768302880.078529",
    "client_msg_id": "349834ec-51a2-479f-867f-23047069517b",
    "text": "Are you guys manually creating the chunks?",
    "team": "T355R0RT3",
    "thread_ts": "1768302880.078529",
    "reply_count": 5,
    "reply_users_count": 3,
    "latest_reply": "1768307329.766189",
    "reply_users": [
      "U08SA26H4LT",
      "U02JFCNHKHB",
      "UM3V8V1NK"
    ],
    "is_locked": false,
    "subscribed": true,
    "last_read": "1768307329.766189",
    "blocks": [
      {
        "type": "rich_text",
        "block_id": "n9G76",
        "elements": [
          {
            "type": "rich_text_section",
            "elements": [
              {
                "type": "text",
                "text": "Are you guys manually creating the chunks?"
              }
            ]
          }
        ]
      }
    ]
  },
  {
    "user": "U02JFCNHKHB",
    "type": "message",
    "ts": "1768304878.597489",
    "client_msg_id": "7f827227-7231-41fc-89b7-6347056f7746",
    "text": "I'm asking about the 119 chunks. Are you guys creating those manually? If so, how?",
    "team": "T355R0RT3",
    "blocks": [
      {
        "type": "rich_text",
        "block_id": "a+PsD",
        "elements": [
          {
            "type": "rich_text_section",
            "elements": [
              {
                "type": "text",
                "text": "I'm asking about the 119 chunks. Are you guys creating those manually? If so, how?"
              }
            ]
          }
        ]
      }
    ]
  },
  {
    "subtype": "thread_broadcast",
    "user": "U02JFCNHKHB",
    "thread_ts": "1768302880.078529",
    "root": {
      "user": "U02JFCNHKHB",
      "type": "message",
      "ts": "1768302880.078529",
      "client_msg_id": "349834ec-51a2-479f-867f-23047069517b",
      "text": "Are you guys manually creating the chunks?",
      "team": "T355R0RT3",
      "thread_ts": "1768302880.078529",
      "reply_count": 5,
      "reply_users_count": 3,
      "latest_reply": "1768307329.766189",
      "reply_users": [
        "U08SA26H4LT",
        "U02JFCNHKHB",
        "UM3V8V1NK"
      ],
      "is_locked": false,
      "subscribed": true,
      "last_read": "1768307329.766189",
      "blocks": [
        {
          "type": "rich_text",
          "block_id": "n9G76",
          "elements": [
            {
              "type": "rich_text_section",
              "elements": [
                {
                  "type": "text",
                  "text": "Are you guys manually creating the chunks?"
                }
              ]
            }
          ]
        }
      ]
    },
    "type": "message",
    "ts": "1768305397.341779",
    "client_msg_id": "9b83aaf0-74af-43bb-839c-df10abdcfc3f",
    "text": "That's absolutely not what was suggested. That's all wasted effort and will likely produce poor results. Next time, before you go off and do something that requires so much time, confirm first.\n\nThere are two parts to chunking:\n\n1. Pre-processing\n2. Vector DB automated\nWhat was asked was splitting the documents by sections, up to 2 levels deep: try 6.1, 6.2... first; for those that are too long, go one level deeper 6.1.1, 6.1.2... This concludes the pre-processing part.\n\nThe pre-processed parts then get uploaded to the vector db, where it will automatically split up the texts based on its own chunking algorithm.\n\nRedo chapter 6.",
    "blocks": [
      {
        "type": "rich_text",
        "block_id": "XjQD5",
        "elements": [
          {
            "type": "rich_text_section",
            "elements": [
              {
                "type": "text",
                "text": "That's absolutely not what was suggested. That's all wasted effort and will likely produce poor results. Next time, before you go off and do something that requires so much time, confirm first.\n\nThere are two parts to chunking:\n\n"
              }
            ]
          },
          {
            "type": "rich_text_list",
            "elements": [
              {
                "type": "rich_text_section",
                "elements": [
                  {
                    "type": "text",
                    "text": "Pre-processing"
                  }
                ]
              },
              {
                "type": "rich_text_section",
                "elements": [
                  {
                    "type": "text",
                    "text": "Vector DB automated"
                  }
                ]
              }
            ],
            "style": "ordered",
            "indent": 0,
            "offset": 0,
            "border": 0
          },
          {
            "type": "rich_text_section",
            "elements": [
              {
                "type": "text",
                "text": "\nWhat was asked was splitting the documents by sections, up to 2 levels deep: try 6.1, 6.2... first; for those that are too long, go one level deeper 6.1.1, 6.1.2... This concludes the pre-processing part.\n\nThe pre-processed parts then get uploaded to the vector db, where it will automatically split up the texts based on its own chunking algorithm.\n\nRedo chapter 6."
              }
            ]
          }
        ]
      }
    ],
    "reactions": [
      {
        "name": "+1",
        "users": [
          "U08SA26H4LT",
          "U08Q13RK6P4"
        ],
        "count": 2
      }
    ]
  },
  {
    "user": "U02JFCNHKHB",
    "type": "message",
    "ts": "1768305453.424049",
    "client_msg_id": "181fbb7d-24a7-4126-906b-fe9e48960876",
    "text": "<@U37KPJ30D> <@UM3V8V1NK> :point_up_2:",
    "team": "T355R0RT3",
    "blocks": [
      {
        "type": "rich_text",
        "block_id": "WbMeW",
        "elements": [
          {
            "type": "rich_text_section",
            "elements": [
              {
                "type": "user",
                "user_id": "U37KPJ30D"
              },
              {
                "type": "text",
                "text": " "
              },
              {
                "type": "user",
                "user_id": "UM3V8V1NK"
              },
              {
                "type": "text",
                "text": " "
              },
              {
                "type": "emoji",
                "name": "point_up_2",
                "unicode": "1f446"
              }
            ]
          }
        ]
      }
    ]
  },
  {
    "user": "U02JFCNHKHB",
    "type": "message",
    "ts": "1768306309.682879",
    "client_msg_id": "e0ea659c-f7d4-4c71-939a-76f37465651e",
    "text": "Do you guys understand why we are dividing up the \"chunking\" phase like this?",
    "team": "T355R0RT3",
    "blocks": [
      {
        "type": "rich_text",
        "block_id": "Mx32f",
        "elements": [
          {
            "type": "rich_text_section",
            "elements": [
              {
                "type": "text",
                "text": "Do you guys understand why we are dividing up the \"chunking\" phase like this?"
              }
            ]
          }
        ]
      }
    ]
  },
  {
    "user": "U37KPJ30D",
    "type": "message",
    "ts": "1768308727.862679",
    "client_msg_id": "eacb40a2-74c5-4957-8e76-fdf5b4e507dd",
    "text": "<@U02JFCNHKHB> Apologies for the confusion, we're splitting documents strictly by section hierarchy, not by page count or arbitrary size. We start at section level (e.g., 6.1, 6.2) and only go one level deeper (6.1.1, 6.1.2, etc.) when a section is too large.",
    "team": "T355R0RT3",
    "blocks": [
      {
        "type": "rich_text",
        "block_id": "qNFpP",
        "elements": [
          {
            "type": "rich_text_section",
            "elements": [
              {
                "type": "user",
                "user_id": "U02JFCNHKHB"
              },
              {
                "type": "text",
                "text": " Apologies for the confusion, we're splitting documents strictly by section hierarchy, not by page count or arbitrary size. We start at section level (e.g., 6.1, 6.2) and only go one level deeper (6.1.1, 6.1.2, etc.) when a section is too large."
              }
            ]
          }
        ]
      }
    ]
  },
  {
    "user": "U02JFCNHKHB",
    "type": "message",
    "ts": "1768309192.858379",
    "client_msg_id": "01788242-0624-4743-9f6a-c5f9f5dc6fe3",
    "text": "Just for background information purposes, the reason why this division is necessary is:\n\n1. The latest technology is not enough to correctly distinguish document structure, especially when the document is long and/or the structure is not programmatically clear (think HTML structure). Because of this, all current AI cannot correctly rehydrate without introducing irrelevant parts. We are manually limiting the range to mitigate this limitation.\n2. Chunking needs continuity. This means every chunk must overlap significantly with the neighboring chunks. But how much to overlap is a constantly evolving field that still needs a lot of research. If we do this manually, it is extremely unlikely that we will produce a better result than the algorithmic ones. On top of that, when new research comes out, the automated ones will get immediately updated, but we will be stuck with our outdated, manually created version.",
    "team": "T355R0RT3",
    "blocks": [
      {
        "type": "rich_text",
        "block_id": "zybG2",
        "elements": [
          {
            "type": "rich_text_section",
            "elements": [
              {
                "type": "text",
                "text": "Just for background information purposes, the reason why this division is necessary is:\n\n"
              }
            ]
          },
          {
            "type": "rich_text_list",
            "elements": [
              {
                "type": "rich_text_section",
                "elements": [
                  {
                    "type": "text",
                    "text": "The latest technology is not enough to correctly distinguish document structure, especially when the document is long and/or the structure is not programmatically clear (think HTML structure). Because of this, all current AI cannot correctly rehydrate without introducing irrelevant parts. We are manually limiting the range to mitigate this limitation."
                  }
                ]
              },
              {
                "type": "rich_text_section",
                "elements": [
                  {
                    "type": "text",
                    "text": "Chunking needs continuity. This means every chunk must overlap significantly with the neighboring chunks. But how much to overlap is a constantly evolving field that still needs a lot of research. If we do this manually, it is extremely unlikely that we will produce a better result than the algorithmic ones. On top of that, when new research comes out, the automated ones will get immediately updated, but we will be stuck with our outdated, manually created version."
                  }
                ]
              }
            ],
            "style": "ordered",
            "indent": 0,
            "border": 0
          }
        ]
      }
    ]
  },
  {
    "user": "U37KPJ30D",
    "type": "message",
    "ts": "1768310561.547969",
    "client_msg_id": "66ffd189-8095-4f7d-9b89-acdefc80b546",
    "text": "We're aligned. We will keep manual preprocessing limited to section level boundaries only and rely on the vector DB automated chunking and overlap for continuity and future improvements.",
    "team": "T355R0RT3",
    "blocks": [
      {
        "type": "rich_text",
        "block_id": "IxYxi",
        "elements": [
          {
            "type": "rich_text_section",
            "elements": [
              {
                "type": "text",
                "text": "We're aligned. We will keep manual preprocessing limited to section level boundaries only and rely on the vector DB automated chunking and overlap for continuity and future improvements."
              }
            ]
          }
        ]
      }
    ]
  }
]