[
  {
    "user": "UM3V8V1NK",
    "type": "message",
    "ts": "1768631470.651489",
    "client_msg_id": "707c8947-1b8a-481b-90df-249e729af2f9",
    "text": "Responses to be captured here: <https://docs.google.com/spreadsheets/d/1o9FPxhUfuvKtfZTzUdXxdk6foesH1YXGbLfEx9CMTIE/edit?gid=0#gid=0|Chapter 6 - Responses - 17Jan26>",
    "team": "T355R0RT3",
    "blocks": [
      {
        "type": "rich_text",
        "block_id": "dJWak",
        "elements": [
          {
            "type": "rich_text_section",
            "elements": [
              {
                "type": "text",
                "text": "Responses to be captured here: "
              },
              {
                "type": "link",
                "url": "https://docs.google.com/spreadsheets/d/1o9FPxhUfuvKtfZTzUdXxdk6foesH1YXGbLfEx9CMTIE/edit?gid=0#gid=0",
                "text": "Chapter 6 - Responses - 17Jan26"
              }
            ]
          }
        ]
      }
    ]
  },
  {
    "user": "UM3V8V1NK",
    "type": "message",
    "ts": "1768633143.225219",
    "client_msg_id": "8a39b79a-99b9-4a77-a0ea-0cdc0ca27122",
    "text": "Current files cleared and final list of 80 files uploaded.",
    "team": "T355R0RT3",
    "blocks": [
      {
        "type": "rich_text",
        "block_id": "iyPBj",
        "elements": [
          {
            "type": "rich_text_section",
            "elements": [
              {
                "type": "text",
                "text": "Current files cleared and final list of 80 files uploaded."
              }
            ]
          }
        ]
      }
    ]
  },
  {
    "user": "UM3V8V1NK",
    "type": "message",
    "ts": "1768634573.187599",
    "client_msg_id": "cf7b7335-20cf-4b67-bea5-e33198de096c",
    "text": "Keeping token limits in mind, responses are being verified three times for each question, <@U02JFCNHKHB>.\n\nLooks like the tone needs to be refined.",
    "team": "T355R0RT3",
    "blocks": [
      {
        "type": "rich_text",
        "block_id": "oYKwe",
        "elements": [
          {
            "type": "rich_text_section",
            "elements": [
              {
                "type": "text",
                "text": "Keeping token limits in mind, responses are being verified three times for each question, "
              },
              {
                "type": "user",
                "user_id": "U02JFCNHKHB"
              },
              {
                "type": "text",
                "text": ".\n\nLooks like the tone needs to be refined."
              }
            ]
          }
        ]
      }
    ]
  },
  {
    "user": "UM3V8V1NK",
    "type": "message",
    "ts": "1768634926.452939",
    "client_msg_id": "0c695cf6-2ca1-4dba-9656-57d87d368cf8",
    "text": "The responses are captured in <https://docs.google.com/spreadsheets/d/1o9FPxhUfuvKtfZTzUdXxdk6foesH1YXGbLfEx9CMTIE/edit?gid=694862276#gid=694862276|this> spreadsheet for your review <@U02JFCNHKHB>.",
    "team": "T355R0RT3",
    "blocks": [
      {
        "type": "rich_text",
        "block_id": "zHuR1",
        "elements": [
          {
            "type": "rich_text_section",
            "elements": [
              {
                "type": "text",
                "text": "The responses are captured in "
              },
              {
                "type": "link",
                "url": "https://docs.google.com/spreadsheets/d/1o9FPxhUfuvKtfZTzUdXxdk6foesH1YXGbLfEx9CMTIE/edit?gid=694862276#gid=694862276",
                "text": "this"
              },
              {
                "type": "text",
                "text": " spreadsheet for your review "
              },
              {
                "type": "user",
                "user_id": "U02JFCNHKHB"
              },
              {
                "type": "text",
                "text": "."
              }
            ]
          }
        ]
      }
    ]
  },
  {
    "user": "U02JFCNHKHB",
    "type": "message",
    "ts": "1768669557.837219",
    "client_msg_id": "b69ffad8-ad04-49f2-8be7-4256f0d78f44",
    "text": "What's the link for the bot and the admin page again? I forgot to save them. I'll change the tone settings and check a few questions",
    "team": "T355R0RT3",
    "blocks": [
      {
        "type": "rich_text",
        "block_id": "a9PyA",
        "elements": [
          {
            "type": "rich_text_section",
            "elements": [
              {
                "type": "text",
                "text": "What's the link for the bot and the admin page again? I forgot to save them. I'll change the tone settings and check a few questions"
              }
            ]
          }
        ]
      }
    ],
    "reactions": [
      {
        "name": "+1",
        "users": [
          "UM3V8V1NK"
        ],
        "count": 1
      }
    ]
  },
  {
    "user": "UM3V8V1NK",
    "type": "message",
    "ts": "1768670299.259119",
    "client_msg_id": "E5404E73-0DE3-4F71-AE45-FDD3F7B4203A",
    "text": "Bot: <https://ara-askerisa.web.app/v1|https://ara-askerisa.web.app/v1>",
    "team": "T355R0RT3",
    "blocks": [
      {
        "type": "rich_text",
        "block_id": "ymA0W",
        "elements": [
          {
            "type": "rich_text_section",
            "elements": [
              {
                "type": "text",
                "text": "Bot: "
              },
              {
                "type": "link",
                "url": "https://ara-askerisa.web.app/v1",
                "text": "https://ara-askerisa.web.app/v1"
              }
            ]
          }
        ]
      }
    ]
  },
  {
    "user": "UM3V8V1NK",
    "type": "message",
    "ts": "1768670407.209289",
    "client_msg_id": "4EC29B7F-B3BB-4505-8ADC-B41A55108C0D",
    "text": "Admin page: <https://ara-askerisa-admin.web.app/|https://ara-askerisa-admin.web.app/>",
    "team": "T355R0RT3",
    "blocks": [
      {
        "type": "rich_text",
        "block_id": "w/MHG",
        "elements": [
          {
            "type": "rich_text_section",
            "elements": [
              {
                "type": "text",
                "text": "Admin page: "
              },
              {
                "type": "link",
                "url": "https://ara-askerisa-admin.web.app/",
                "text": "https://ara-askerisa-admin.web.app/"
              }
            ]
          }
        ]
      }
    ]
  },
  {
    "user": "U02JFCNHKHB",
    "type": "message",
    "ts": "1768671262.060539",
    "client_msg_id": "ac370ec7-e672-484d-b3a9-21d38fd46a6e",
    "text": "Thanks",
    "team": "T355R0RT3",
    "blocks": [
      {
        "type": "rich_text",
        "block_id": "Ncv3o",
        "elements": [
          {
            "type": "rich_text_section",
            "elements": [
              {
                "type": "text",
                "text": "Thanks"
              }
            ]
          }
        ]
      }
    ],
    "reactions": [
      {
        "name": "+1",
        "users": [
          "UM3V8V1NK"
        ],
        "count": 1
      }
    ]
  }
]