[
  {
    "user": "UM3V8V1NK",
    "type": "message",
    "ts": "1769492556.487139",
    "client_msg_id": "765d9562-65ba-485d-af7b-96c10c3faec9",
    "text": "@team Please complete the 3-level split on the rest of the chapters and upload the documents to the dev instance.\nAdmin - <https://ask-erisa-dev-admin.web.app/>\nChatbot - <https://ask-erisa-dev.web.app/>\n\nThe split chapters have been moved into this repository. Do not change the folder structure or naming convention.\n<https://drive.google.com/drive/folders/1G0PlrlYO-wBv_rVLzgedZpVOQv31TIay|ARA Document Repository>\n\nI see that the following chapters are yet to be split into chunks:\n• Chapter 1A, Important Definitions (A-M)\n• Chapter 1B, Important Definitions (N-Z)\n• Chapter 11, 401(k) And 401(m) Testing\n• Chapter 13A, Title I Of ERISA - Part 1: Reporting And Disclosure; Minimum Plan Standards\n• Chapter 15, Reference Tables, Checklists And Quick Reference Guides\n• Index\n",
    "team": "T355R0RT3",
    "blocks": [
      {
        "type": "rich_text",
        "block_id": "4tt1u",
        "elements": [
          {
            "type": "rich_text_section",
            "elements": [
              {
                "type": "text",
                "text": "@team Please complete the 3-level split on the rest of the chapters and upload the documents to the dev instance.\nAdmin - "
              },
              {
                "type": "link",
                "url": "https://ask-erisa-dev-admin.web.app/"
              },
              {
                "type": "text",
                "text": "\nChatbot - "
              },
              {
                "type": "link",
                "url": "https://ask-erisa-dev.web.app/"
              },
              {
                "type": "text",
                "text": "\n\nThe split chapters have been moved into this repository. Do not change the folder structure or naming convention.\n"
              },
              {
                "type": "link",
                "url": "https://drive.google.com/drive/folders/1G0PlrlYO-wBv_rVLzgedZpVOQv31TIay",
                "text": "ARA Document Repository"
              },
              {
                "type": "text",
                "text": "\n\nI see that the following chapters are yet to be split into chunks:\n"
              }
            ]
          },
          {
            "type": "rich_text_list",
            "elements": [
              {
                "type": "rich_text_section",
                "elements": [
                  {
                    "type": "text",
                    "text": "Chapter 1A, Important Definitions (A-M)"
                  }
                ]
              },
              {
                "type": "rich_text_section",
                "elements": [
                  {
                    "type": "text",
                    "text": "Chapter 1B, Important Definitions (N-Z)"
                  }
                ]
              },
              {
                "type": "rich_text_section",
                "elements": [
                  {
                    "type": "text",
                    "text": "Chapter 11, 401(k) And 401(m) Testing"
                  }
                ]
              },
              {
                "type": "rich_text_section",
                "elements": [
                  {
                    "type": "text",
                    "text": "Chapter 13A, Title I Of ERISA - Part 1: Reporting And Disclosure; Minimum Plan Standards"
                  }
                ]
              },
              {
                "type": "rich_text_section",
                "elements": [
                  {
                    "type": "text",
                    "text": "Chapter 15, Reference Tables, Checklists And Quick Reference Guides"
                  }
                ]
              },
              {
                "type": "rich_text_section",
                "elements": [
                  {
                    "type": "text",
                    "text": "Index"
                  }
                ]
              }
            ],
            "style": "bullet",
            "indent": 0,
            "border": 0
          },
          {
            "type": "rich_text_section",
            "elements": []
          }
        ]
      }
    ],
    "reactions": [
      {
        "name": "+1",
        "users": [
          "U08SA26H4LT",
          "U0A0LLMHPKP"
        ],
        "count": 2
      }
    ]
  },
  {
    "user": "U02JFCNHKHB",
    "type": "message",
    "ts": "1769506854.729619",
    "client_msg_id": "240d7db3-afe1-4f2c-838c-685c0bfdc39d",
    "text": "You guys can skip Index. I looked through it. There's nothing the AI can actually use there",
    "team": "T355R0RT3",
    "blocks": [
      {
        "type": "rich_text",
        "block_id": "0JAfJ",
        "elements": [
          {
            "type": "rich_text_section",
            "elements": [
              {
                "type": "text",
                "text": "You guys can skip Index. I looked through it. There's nothing the AI can actually use there"
              }
            ]
          }
        ]
      }
    ],
    "reactions": [
      {
        "name": "+1",
        "users": [
          "UM3V8V1NK"
        ],
        "count": 1
      }
    ]
  },
  {
    "user": "U02JFCNHKHB",
    "type": "message",
    "ts": "1769517542.509969",
    "client_msg_id": "733c1568-c214-41df-a2ef-36260682936c",
    "text": "Next Priority: Query Construction\n\n\"Query Construction\" (QC) means we 1) take in what the user has entered and 2) build a new query out of it.\n\nRight now, we are simply sending the query into the LLM as is. While it produces usable results, it is far from good quality. This is the sibling of rehydration.\n\nConceptually, this is what needs to happen:\n\n1. User enters inquiry\n2. We query the LLM for any unclear concepts within the inquiry\n3. We send concepts to vector DB\n4. We rehydrate the matches\n5. We query the LLM with the inquiry and the matches, asking it to rebuilt the inquiry for better clarity\n6. We send the NEW inquiry to vector DB and do what we do today\nWe need manual control over all the steps above. The rehydration of the matches in Step 4 is not the same as the one for the actual inquiry.\n\nTo build this out, we need to do it in stages. For the first stage, do this:\n\n1. (existing) User enters inquiry\n2. (new) Query the LLM for any unclear concepts within the inquiry\n3. (existing) Send the original inquiry to vector DB and do what we do today\nOnce this is done, we can start building out the rest.\n\nNeed a timeline for this. <@UM3V8V1NK>",
    "team": "T355R0RT3",
    "blocks": [
      {
        "type": "rich_text",
        "block_id": "vqKZ6",
        "elements": [
          {
            "type": "rich_text_section",
            "elements": [
              {
                "type": "text",
                "text": "Next Priority: Query Construction\n\n\"Query Construction\" (QC) means we 1) take in what the user has entered and 2) build a new query out of it.\n\nRight now, we are simply sending the query into the LLM as is. While it produces usable results, it is far from good quality. This is the sibling of rehydration.\n\nConceptually, this is what needs to happen:\n\n"
              }
            ]
          },
          {
            "type": "rich_text_list",
            "elements": [
              {
                "type": "rich_text_section",
                "elements": [
                  {
                    "type": "text",
                    "text": "User enters inquiry"
                  }
                ]
              },
              {
                "type": "rich_text_section",
                "elements": [
                  {
                    "type": "text",
                    "text": "We query the LLM for any unclear concepts within the inquiry"
                  }
                ]
              },
              {
                "type": "rich_text_section",
                "elements": [
                  {
                    "type": "text",
                    "text": "We send concepts to vector DB"
                  }
                ]
              },
              {
                "type": "rich_text_section",
                "elements": [
                  {
                    "type": "text",
                    "text": "We rehydrate the matches"
                  }
                ]
              },
              {
                "type": "rich_text_section",
                "elements": [
                  {
                    "type": "text",
                    "text": "We query the LLM with the inquiry and the matches, asking it to rebuilt the inquiry for better clarity"
                  }
                ]
              },
              {
                "type": "rich_text_section",
                "elements": [
                  {
                    "type": "text",
                    "text": "We send the NEW inquiry to vector DB and do what we do today"
                  }
                ]
              }
            ],
            "style": "ordered",
            "indent": 0,
            "border": 0
          },
          {
            "type": "rich_text_section",
            "elements": [
              {
                "type": "text",
                "text": "\nWe need manual control over all the steps above. The rehydration of the matches in Step 4 is not the same as the one for the actual inquiry.\n\nTo build this out, we need to do it in stages. For the first stage, do this:\n\n"
              }
            ]
          },
          {
            "type": "rich_text_list",
            "elements": [
              {
                "type": "rich_text_section",
                "elements": [
                  {
                    "type": "text",
                    "text": "(existing) User enters inquiry"
                  }
                ]
              },
              {
                "type": "rich_text_section",
                "elements": [
                  {
                    "type": "text",
                    "text": "(new) Query the LLM for any unclear concepts within the inquiry"
                  }
                ]
              },
              {
                "type": "rich_text_section",
                "elements": [
                  {
                    "type": "text",
                    "text": "(existing) Send the original inquiry to vector DB and do what we do today"
                  }
                ]
              }
            ],
            "style": "ordered",
            "indent": 0,
            "border": 0
          },
          {
            "type": "rich_text_section",
            "elements": [
              {
                "type": "text",
                "text": "\nOnce this is done, we can start building out the rest.\n\nNeed a timeline for this. "
              },
              {
                "type": "user",
                "user_id": "UM3V8V1NK"
              }
            ]
          }
        ]
      }
    ],
    "pinned_to": [
      "C0A2H47EDK9"
    ],
    "pinned_info": {
      "channel": "C0A2H47EDK9",
      "pinned_by": "UM3V8V1NK",
      "pinned_ts": 1769580801
    },
    "reactions": [
      {
        "name": "+1",
        "users": [
          "U06EHNXKZ1D"
        ],
        "count": 1
      }
    ]
  },
  {
    "user": "UM3V8V1NK",
    "type": "message",
    "ts": "1769517720.247489",
    "client_msg_id": "b4b65db0-8580-45c7-87e7-357659bd3ed7",
    "text": "Noted <@U02JFCNHKHB>.",
    "team": "T355R0RT3",
    "blocks": [
      {
        "type": "rich_text",
        "block_id": "mjg+g",
        "elements": [
          {
            "type": "rich_text_section",
            "elements": [
              {
                "type": "text",
                "text": "Noted "
              },
              {
                "type": "user",
                "user_id": "U02JFCNHKHB"
              },
              {
                "type": "text",
                "text": "."
              }
            ]
          }
        ]
      }
    ]
  }
]