[
  {
    "id": "U37KPJ30D",
    "team_id": "T355R0RT3",
    "name": "srinivas.rao",
    "deleted": false,
    "real_name": "Srini Chinta",
    "profile": {
      "real_name": "Srini Chinta",
      "display_name": "Srini Chinta",
      "avatar_hash": "561456c1628a",
      "real_name_normalized": "Srini Chinta",
      "display_name_normalized": "Srini Chinta",
      "image_24": "https://avatars.slack-edge.com/2026-02-06/10458213799842_561456c1628a35094df5_24.jpg",
      "image_32": "https://avatars.slack-edge.com/2026-02-06/10458213799842_561456c1628a35094df5_32.jpg",
      "image_48": "https://avatars.slack-edge.com/2026-02-06/10458213799842_561456c1628a35094df5_48.jpg",
      "image_72": "https://avatars.slack-edge.com/2026-02-06/10458213799842_561456c1628a35094df5_72.jpg",
      "image_192": "https://avatars.slack-edge.com/2026-02-06/10458213799842_561456c1628a35094df5_192.jpg",
      "image_512": "https://avatars.slack-edge.com/2026-02-06/10458213799842_561456c1628a35094df5_512.jpg",
      "image_1024": "https://avatars.slack-edge.com/2026-02-06/10458213799842_561456c1628a35094df5_1024.jpg",
      "image_original": "https://avatars.slack-edge.com/2026-02-06/10458213799842_561456c1628a35094df5_original.jpg",
      "is_custom_image": true,
      "first_name": "Srini",
      "last_name": "Chinta",
      "team": "T355R0RT3",
      "email": "srini@devpixel.com",
      "title": "Director of Technology",
      "phone": "7331129130",
      "skype": "",
      "fields": {
        "Xf0402NHB2M6": {
          "value": "Director of Technology",
          "alt": ""
        },
        "Xf03KM0ZFFSQ": {
          "value": "7331129130",
          "alt": ""
        }
      },
      "status_text": "",
      "status_text_canonical": "",
      "status_emoji": "",
      "status_emoji_display_info": [],
      "status_expiration": 0,
      "huddle_state": "default_unset",
      "huddle_state_expiration_ts": 0
    },
    "is_bot": false,
    "is_admin": false,
    "updated": 1770389063
  },
  {
    "id": "U02JFCNHKHB",
    "team_id": "T355R0RT3",
    "name": "aris",
    "deleted": false,
    "real_name": "Aris Lancrescent",
    "profile": {
      "real_name": "Aris Lancrescent",
      "display_name": "Aris",
      "avatar_hash": "238c335916ca",
      "real_name_normalized": "Aris Lancrescent",
      "display_name_normalized": "Aris",
      "image_24": "https://avatars.slack-edge.com/2025-12-07/10083765225585_238c335916caeed7dba8_24.jpg",
      "image_32": "https://avatars.slack-edge.com/2025-12-07/10083765225585_238c335916caeed7dba8_32.jpg",
      "image_48": "https://avatars.slack-edge.com/2025-12-07/10083765225585_238c335916caeed7dba8_48.jpg",
      "image_72": "https://avatars.slack-edge.com/2025-12-07/10083765225585_238c335916caeed7dba8_72.jpg",
      "image_192": "https://avatars.slack-edge.com/2025-12-07/10083765225585_238c335916caeed7dba8_192.jpg",
      "image_512": "https://avatars.slack-edge.com/2025-12-07/10083765225585_238c335916caeed7dba8_512.jpg",
      "image_1024": "https://avatars.slack-edge.com/2025-12-07/10083765225585_238c335916caeed7dba8_1024.jpg",
      "image_original": "https://avatars.slack-edge.com/2025-12-07/10083765225585_238c335916caeed7dba8_original.jpg",
      "is_custom_image": true,
      "first_name": "Aris",
      "last_name": "Lancrescent",
      "team": "T355R0RT3",
      "email": "aris@devpixel.com",
      "title": "",
      "phone": "",
      "skype": "",
      "fields": {},
      "status_text": "",
      "status_text_canonical": "",
      "status_emoji": "",
      "status_emoji_display_info": [],
      "status_expiration": 0,
      "huddle_state": "default_unset",
      "huddle_state_expiration_ts": 0
    },
    "is_bot": false,
    "is_admin": true,
    "updated": 1768129777
  },
  {
    "id": "UM3V8V1NK",
    "team_id": "T355R0RT3",
    "name": "himabindu",
    "deleted": false,
    "real_name": "Bindu Guduru",
    "profile": {
      "real_name": "Bindu Guduru",
      "display_name": "Bindu Guduru",
      "avatar_hash": "1e45391b7f7a",
      "real_name_normalized": "Bindu Guduru",
      "display_name_normalized": "Bindu Guduru",
      "image_24": "https://avatars.slack-edge.com/2021-06-01/2116082181142_1e45391b7f7a202c4458_24.jpg",
      "image_32": "https://avatars.slack-edge.com/2021-06-01/2116082181142_1e45391b7f7a202c4458_32.jpg",
      "image_48": "https://avatars.slack-edge.com/2021-06-01/2116082181142_1e45391b7f7a202c4458_48.jpg",
      "image_72": "https://avatars.slack-edge.com/2021-06-01/2116082181142_1e45391b7f7a202c4458_72.jpg",
      "image_192": "https://avatars.slack-edge.com/2021-06-01/2116082181142_1e45391b7f7a202c4458_192.jpg",
      "image_512": "https://avatars.slack-edge.com/2021-06-01/2116082181142_1e45391b7f7a202c4458_512.jpg",
      "image_1024": "https://avatars.slack-edge.com/2021-06-01/2116082181142_1e45391b7f7a202c4458_1024.jpg",
      "image_original": "https://avatars.slack-edge.com/2021-06-01/2116082181142_1e45391b7f7a202c4458_original.jpg",
      "is_custom_image": true,
      "first_name": "Bindu",
      "last_name": "Guduru",
      "team": "T355R0RT3",
      "email": "bindu@devpixel.com",
      "title": "Director of Operations",
      "phone": "9000800106",
      "skype": "",
      "fields": {
        "Xf0402NHB2M6": {
          "value": "Director of Operations",
          "alt": ""
        },
        "Xf03KM0ZFFSQ": {
          "value": "9000800106",
          "alt": ""
        }
      },
      "status_text": "",
      "status_text_canonical": "",
      "status_emoji": "",
      "status_emoji_display_info": [],
      "status_expiration": 0,
      "huddle_state": "default_unset",
      "huddle_state_expiration_ts": 0
    },
    "is_bot": false,
    "is_admin": true,
    "updated": 1769529965
  },
  {
    "id": "U06LZMW3466",
    "team_id": "T355R0RT3",
    "name": "srikar.shesham",
    "deleted": false,
    "real_name": "Srikar Shesham",
    "profile": {
      "real_name": "Srikar Shesham",
      "display_name": "Srikar Shesham",
      "avatar_hash": "ebf3918ce524",
      "real_name_normalized": "Srikar Shesham",
      "display_name_normalized": "Srikar Shesham",
      "image_24": "https://avatars.slack-edge.com/2024-02-28/6713936612755_ebf3918ce524e337fc0b_24.png",
      "image_32": "https://avatars.slack-edge.com/2024-02-28/6713936612755_ebf3918ce524e337fc0b_32.png",
      "image_48": "https://avatars.slack-edge.com/2024-02-28/6713936612755_ebf3918ce524e337fc0b_48.png",
      "image_72": "https://avatars.slack-edge.com/2024-02-28/6713936612755_ebf3918ce524e337fc0b_72.png",
      "image_192": "https://avatars.slack-edge.com/2024-02-28/6713936612755_ebf3918ce524e337fc0b_192.png",
      "image_512": "https://avatars.slack-edge.com/2024-02-28/6713936612755_ebf3918ce524e337fc0b_512.png",
      "image_1024": "https://avatars.slack-edge.com/2024-02-28/6713936612755_ebf3918ce524e337fc0b_1024.png",
      "image_original": "https://avatars.slack-edge.com/2024-02-28/6713936612755_ebf3918ce524e337fc0b_original.png",
      "is_custom_image": true,
      "first_name": "Srikar",
      "last_name": "Shesham",
      "team": "T355R0RT3",
      "email": "srikar.shesham@devpixel.com",
      "title": "",
      "phone": "",
      "skype": "",
      "fields": {},
      "status_text": "",
      "status_text_canonical": "",
      "status_emoji": "",
      "status_emoji_display_info": [],
      "status_expiration": 0,
      "huddle_state": "default_unset",
      "huddle_state_expiration_ts": 0
    },
    "is_bot": false,
    "is_admin": false,
    "updated": 1763452269
  },
  {
    "id": "U35PLGF3M",
    "team_id": "T355R0RT3",
    "name": "abhi",
    "deleted": false,
    "real_name": "abhishek reddy",
    "profile": {
      "real_name": "abhishek reddy",
      "display_name": "abhi",
      "avatar_hash": "9c75c851c3f6",
      "real_name_normalized": "abhishek reddy",
      "display_name_normalized": "abhi",
      "image_24": "https://avatars.slack-edge.com/2016-12-05/112636576261_9c75c851c3f68710d1f7_24.jpg",
      "image_32": "https://avatars.slack-edge.com/2016-12-05/112636576261_9c75c851c3f68710d1f7_32.jpg",
      "image_48": "https://avatars.slack-edge.com/2016-12-05/112636576261_9c75c851c3f68710d1f7_48.jpg",
      "image_72": "https://avatars.slack-edge.com/2016-12-05/112636576261_9c75c851c3f68710d1f7_72.jpg",
      "image_192": "https://avatars.slack-edge.com/2016-12-05/112636576261_9c75c851c3f68710d1f7_192.jpg",
      "image_512": "https://avatars.slack-edge.com/2016-12-05/112636576261_9c75c851c3f68710d1f7_192.jpg",
      "image_1024": "https://avatars.slack-edge.com/2016-12-05/112636576261_9c75c851c3f68710d1f7_192.jpg",
      "image_original": "https://avatars.slack-edge.com/2016-12-05/112636576261_9c75c851c3f68710d1f7_original.jpg",
      "is_custom_image": true,
      "first_name": "abhishek",
      "last_name": "reddy",
      "team": "T355R0RT3",
      "email": "abhi@devpixel.com",
      "title": "",
      "phone": "9866081410",
      "skype": "",
      "fields": {
        "Xf03KM0ZFFSQ": {
          "value": "9866081410",
          "alt": ""
        }
      },
      "status_text": "",
      "status_text_canonical": "",
      "status_emoji": "",
      "status_emoji_display_info": [],
      "status_expiration": 0
    },
    "is_bot": false,
    "is_admin": true,
    "updated": 1737978803
  }
]